,Region,Country,Item Type,Sales Channel,Order Priority,Order Date,Order ID,Ship Date,Units Sold,Unit Price,Unit Cost,Total Revenue,Total Cost,Total Profit,Coupon_code,Customer_ID,City,Coupon Description,Postal Code
0,Middle East and North Africa,Libya,Cosmetics,Offline,M,10/18/2014,686800706,10/31/2014,8446,437.2,263.33,3692591.2,2224085.18,1468506.02,9GVAC4W9I6XA82G,AX157377,East Ryan,,21764
1,North America,Canada,Vegetables,Online,M,11/7/2011,185941302,12/8/2011,3018,154.06,90.93,464953.08,274426.74,190526.34,LDOZZNQ0H63HALO,AX186432,Robertsonview,Free Shipping off on Office Supplies! Limited time offer.,52879
2,Middle East and North Africa,Libya,Baby Food,Offline,C,10/31/2016,246222341,12/9/2016,1517,255.28,159.42,387259.76,241840.14,145419.62,71WUUHO4FEGOTT3,AX196913,North Tiffanyview,Buy 1 Get 1 off on Baby Food! Limited time offer.,18854
3,Asia,Japan,Cereal,Offline,C,4/10/2010,161442649,5/12/2010,3322,205.7,117.11,683335.4,389039.42,294295.98,B8IXDM1PVRRGQHH,AX199663,Port Jamesstad,Buy 1 Get 1 off on Personal Care! Limited time offer.,61285
4,Sub-Saharan Africa,Chad,Fruits,Offline,H,8/16/2011,645713555,8/31/2011,9845,9.33,6.92,91853.85,68127.4,23726.45,Q6F2E0ISEHTO91O,AX197093,South Jennifer,25% off on Personal Care! Limited time offer.,64041
5,Europe,Armenia,Cereal,Online,H,11/24/2014,683458888,12/28/2014,9528,205.7,117.11,1959909.6,1115824.08,844085.52,TS2THBNJ1K9JT6G,AX194077,West Dannyland,Buy 1 Get 1 off on Cereal! Limited time offer.,32324
6,Sub-Saharan Africa,Eritrea,Cereal,Online,H,3/4/2015,679414975,4/17/2015,2844,205.7,117.11,585010.8,333060.84,251949.96,C6J1NB8ZRMUYXV4,AX113098,Thomasburgh,Buy 1 Get 1 off on Vegetables! Limited time offer.,99575
7,Europe,Montenegro,Clothes,Offline,M,5/17/2012,208630645,6/28/2012,7299,109.28,35.84,797634.72,261596.16,536038.56,J0AAONO9URZVWBT,AX132735,Lauramouth,25% off on Cereal! Limited time offer.,02041
8,Central America and the Caribbean,Jamaica,Vegetables,Online,H,1/29/2015,266467225,3/7/2015,2428,154.06,90.93,374057.68,220778.04,153279.64,R176NDU3LY50LTV,AX192824,North Jeffrey,10% off on Cosmetics! Limited time offer.,
9,Australia and Oceania,Fiji,Vegetables,Offline,H,12/24/2013,118598544,1/19/2014,4800,154.06,90.93,739488.0,436464.0,303024.0,RQ3BP4GJEFGTKQH,AX195084,Williamsland,Buy 1 Get 1 off on Meat! Limited time offer.,46476
10,Sub-Saharan Africa,Togo,Clothes,Online,M,12/29/2015,451010930,1/19/2016,3012,109.28,35.84,329151.36,107950.08,221201.28,1FL93F027F8YG82,AX173704,Kellytown,Free Shipping off on Fruits! Limited time offer.,34982
11,Europe,Montenegro,Snacks,Offline,M,2/27/2010,220003211,3/18/2010,2694,152.58,97.44,411050.52,262503.36,148547.16,8W046G7GG8KO51O,AX138841,Christineside,,69047
12,Europe,Greece,Household,Online,C,11/17/2016,702186715,12/22/2016,1508,668.27,502.54,1007751.16,757830.32,249920.84,NZDNTB3UTI2M3M2,AX178803,Mckenzieside,Buy 1 Get 1 off on Cereal! Limited time offer.,19272
13,Sub-Saharan Africa,Sudan,Cosmetics,Online,C,12/20/2015,544485270,1/5/2016,4146,437.2,263.33,1812631.2,1091766.18,720865.02,67EPUJXWPFDCQPI,AX119804,North Jonhaven,,58889
14,Asia,Maldives,Fruits,Offline,L,1/8/2011,714135205,2/6/2011,7332,9.33,6.92,68407.56,50737.44,17670.12,BO98TIJ3V1D92UG,AX192794,New Craig,Free Shipping off on Household! Limited time offer.,87290
15,Europe,Montenegro,Clothes,Offline,H,6/28/2010,448685348,7/22/2010,4820,109.28,35.84,526729.6,172748.8,353980.8,VIJ5V3VDQP19QC7,AX136717,East Kimbury,Free Shipping off on Snacks! Limited time offer.,99427
16,Europe,Estonia,Office Supplies,Online,H,4/25/2016,405997025,5/12/2016,2397,651.21,524.96,1560950.37,1258329.12,302621.25,LWMM75VA5UI83U6,AX107957,South Matthew,Buy 1 Get 1 off on Beverages! Limited time offer.,46821
17,North America,Greenland,Beverages,Online,M,7/27/2012,414244067,8/7/2012,2880,47.45,31.79,136656.0,91555.2,45100.8,ZOPSYKPPWDZGBZ0,AX122384,Martinezshire,10% off on Fruits! Limited time offer.,
18,Sub-Saharan Africa,Cape Verde,Clothes,Online,C,9/8/2014,821912801,10/3/2014,1117,109.28,35.84,122065.76,40033.28,82032.48,ODBLC0ZHBSMDJPA,AX109657,East Paul,25% off on Household! Limited time offer.,55719
19,Sub-Saharan Africa,Senegal,Household,Offline,L,8/27/2012,247802054,9/8/2012,8989,668.27,502.54,6007079.03,4517332.06,1489746.97,1ZRQBHIN8E9JWR1,AX158649,Port Travishaven,Free Shipping off on Office Supplies! Limited time offer.,46265
20,Australia and Oceania,Federated States of Micronesia,Snacks,Online,C,9/3/2012,531023156,10/15/2012,407,152.58,97.44,62100.06,39658.08,22441.98,C3THJ445W7WDRCT,AX160778,,Buy 1 Get 1 off on Cosmetics! Limited time offer.,52906
21,Europe,Bulgaria,Clothes,Online,L,8/27/2010,880999934,9/16/2010,6313,109.28,35.84,689884.64,226257.92,463626.72,3D81YXN7XUO23ZB,AX165082,East Anthony,Free Shipping off on Beverages! Limited time offer.,
22,Middle East and North Africa,Algeria,Personal Care,Online,H,2/20/2011,127468717,3/9/2011,9681,81.73,56.67,791228.13,548622.27,242605.86,6SI0PD2894PT123,AX139938,,,89436
23,Asia,Mongolia,Clothes,Online,L,12/12/2015,770478332,1/24/2016,515,109.28,35.84,56279.2,18457.6,37821.6,8ARPAU04FD209JK,AX135899,New Abigail,25% off on Household! Limited time offer.,29769
24,Central America and the Caribbean,Grenada,Cereal,Online,H,10/28/2012,430390107,11/13/2012,852,205.7,117.11,175256.4,99777.72,75478.68,HLF8OQD17J8WJ1J,AX118153,West Samuel,,58672
25,Central America and the Caribbean,Grenada,Beverages,Online,M,1/30/2017,397877871,3/20/2017,9759,47.45,31.79,463064.55,310238.61,152825.94,38WXC6QATLW4RP0,AX101661,,Free Shipping off on Beverages! Limited time offer.,24453
26,Sub-Saharan Africa,Senegal,Beverages,Offline,M,10/22/2014,683927953,11/4/2014,8334,47.45,31.79,395448.3,264937.86,130510.44,QKU0QHUSWRRHYFW,AX199824,Shannonton,Buy 1 Get 1 off on Fruits! Limited time offer.,55511
27,North America,Greenland,Fruits,Offline,M,1/31/2012,469839179,2/22/2012,4709,9.33,6.92,43934.97,32586.28,11348.69,UBU4R65FLNYS3RQ,AX189956,,25% off on Vegetables! Limited time offer.,98298
28,Sub-Saharan Africa,Chad,Meat,Offline,H,1/20/2016,357222878,3/9/2016,9043,421.89,364.69,3815151.27,3297891.67,517259.6,WN8OGMERDE3Z5D2,AX162137,Palmerport,25% off on Cosmetics! Limited time offer.,02976
29,Sub-Saharan Africa,Mauritius ,Personal Care,Online,C,1/1/2016,118002879,1/7/2016,8529,81.73,56.67,697075.17,483338.43,213736.74,J13PYXSOUZOTBUF,AX107852,Maytown,25% off on Fruits! Limited time offer.,
30,Middle East and North Africa,Morocco,Beverages,Offline,C,6/1/2017,944415509,6/23/2017,2391,47.45,31.79,113452.95,76009.89,37443.06,0411AQFKTEQJLSR,AX149469,East Valerie,10% off on Baby Food! Limited time offer.,74814
31,Central America and the Caribbean,Honduras,Office Supplies,Online,H,6/30/2015,499009597,7/9/2015,6884,651.21,524.96,4482929.64,3613824.64,869105.0,ZUZJ3P2DZ7VGUUT,AX172830,Lake Brittneybury,,97467
32,Sub-Saharan Africa,Benin,Fruits,Online,L,1/28/2014,564646470,3/16/2014,293,9.33,6.92,2733.69,2027.56,706.13,I62LCG6JETV8ZYV,AX184392,North Rebecca,Free Shipping off on Personal Care! Limited time offer.,88592
33,Europe,Greece,Baby Food,Offline,M,4/8/2014,294499957,4/8/2014,7937,255.28,159.42,2026157.36,1265316.54,760840.82,L5CMJEKKQL6179O,AX155311,Harrisside,Free Shipping off on Meat! Limited time offer.,68054
34,Central America and the Caribbean,Jamaica,Beverages,Offline,L,9/4/2010,262056386,10/24/2010,7163,47.45,31.79,339884.35,227711.77,112172.58,RSHLQD43RFXSPO3,AX179489,Mercadoside,,65449
35,Sub-Saharan Africa,Equatorial Guinea,Office Supplies,Online,M,5/2/2010,211114585,5/14/2010,2352,651.21,524.96,1531645.92,1234705.92,296940.0,OM2HOG6G56PMHS8,AX178234,,10% off on Personal Care! Limited time offer.,96742
36,Sub-Saharan Africa,Swaziland,Office Supplies,Offline,H,10/3/2013,405785882,10/22/2013,9915,651.21,524.96,6456747.15,5204978.4,1251768.75,OYLW21KT49LIYIB,AX191528,New Jeffreyburgh,,91173
37,Central America and the Caribbean,Trinidad and Tobago,Vegetables,Offline,M,3/6/2011,280494105,4/14/2011,3294,154.06,90.93,507473.64,299523.42,207950.22,HMES0RVSBGF7VIR,AX112327,Brooksfort,10% off on Cereal! Limited time offer.,68223
38,Europe,Sweden,Baby Food,Online,L,8/7/2016,689975583,8/12/2016,7963,255.28,159.42,2032794.64,1269461.46,763333.18,JEGRI0TO5QVY5V0,AX151701,Jeffreyfurt,25% off on Vegetables! Limited time offer.,46562
39,Europe,Belarus,Office Supplies,Online,L,1/11/2011,759279143,2/18/2011,6426,651.21,524.96,4184675.46,3373392.96,811282.5,O9HIMAVF5RA618L,AX171788,Deckerberg,Free Shipping off on Baby Food! Limited time offer.,78057
40,Sub-Saharan Africa,Guinea-Bissau,Office Supplies,Offline,C,5/21/2014,133766114,6/12/2014,3221,651.21,524.96,2097547.41,1690896.16,406651.25,VLLWLJ65V8J331I,AX106544,,Free Shipping off on Baby Food! Limited time offer.,31292
41,Asia,Mongolia,Beverages,Online,M,8/3/2013,329110324,9/2/2013,9913,47.45,31.79,470371.85,315134.27,155237.58,BPIZTL6WNEU13ET,AX131001,East Christian,25% off on Office Supplies! Limited time offer.,24501
42,Middle East and North Africa,Turkey,Meat,Online,L,10/5/2011,681298100,11/20/2011,103,421.89,364.69,43454.67,37563.07,5891.6,0VJXAH7NKKFLNM1,AX110597,North Chelseaberg,Buy 1 Get 1 off on Baby Food! Limited time offer.,40804
43,Sub-Saharan Africa,Central African Republic,Snacks,Offline,L,11/15/2016,596628272,12/30/2016,4419,152.58,97.44,674251.02,430587.36,243663.66,HR2T8TW0UWN9YP3,AX186193,Anneton,Free Shipping off on Household! Limited time offer.,09822
44,Sub-Saharan Africa,Equatorial Guinea,Office Supplies,Offline,L,4/3/2015,901712167,4/17/2015,5523,651.21,524.96,3596632.83,2899354.08,697278.75,NPQL4WGPVI6NWIT,AX108122,West Josephberg,Buy 1 Get 1 off on Snacks! Limited time offer.,30686
45,Asia,Laos,Beverages,Online,M,3/22/2013,693473613,4/21/2013,3107,47.45,31.79,147427.15,98771.53,48655.62,N50WRP585GGRT5R,AX141672,Keyfort,10% off on Meat! Limited time offer.,59516
46,Europe,Armenia,Meat,Online,C,8/2/2010,489148938,9/1/2010,8896,421.89,364.69,3753133.44,3244282.24,508851.2,3O4G4G0RKBCE31K,AX148486,Pricestad,10% off on Personal Care! Limited time offer.,02639
47,Europe,Greece,Household,Online,L,1/5/2012,876286971,2/15/2012,1643,668.27,502.54,1097967.61,825673.22,272294.39,SO8QOHQ4CX2CRNZ,AX183703,Hufffort,10% off on Cosmetics! Limited time offer.,20115
48,Middle East and North Africa,Israel,Personal Care,Offline,H,8/26/2015,262749040,8/30/2015,2135,81.73,56.67,174493.55,120990.45,53503.1,RQKZCC7RR9XPZW7,AX153333,East Rogershire,10% off on Vegetables! Limited time offer.,70462
49,Asia,Bhutan,Meat,Online,H,12/9/2016,726708972,1/26/2017,8189,421.89,364.69,3454857.21,2986446.41,468410.8,BAXH5SWBMNURH3N,AX149040,,Buy 1 Get 1 off on Cosmetics! Limited time offer.,32604
50,Australia and Oceania,Vanuatu,Vegetables,Online,L,5/17/2012,366653096,5/31/2012,9654,154.06,90.93,1487295.24,877838.22,609457.02,1AW6ZIN11C5YGZW,AX176832,Gregoryport,Buy 1 Get 1 off on Personal Care! Limited time offer.,34443
51,Sub-Saharan Africa,Burundi,Vegetables,Online,M,11/17/2010,951380240,12/20/2010,3410,154.06,90.93,525344.6,310071.3,215273.3,ZG9BCZSLU528NZE,AX197688,Ramirezmouth,10% off on Snacks! Limited time offer.,45623
52,Europe,Ukraine,Cosmetics,Online,M,11/13/2014,270001733,1/1/2015,8368,437.2,263.33,3658489.6,2203545.44,1454944.16,D4RBIAMHCWAOZZ7,AX113070,New Moniquehaven,Buy 1 Get 1 off on Meat! Limited time offer.,60177
53,Europe,Croatia,Beverages,Online,C,6/16/2016,681941401,7/28/2016,470,47.45,31.79,22301.5,14941.3,7360.2,J6NJZXABD73UZSC,AX198295,Castillofurt,Free Shipping off on Household! Limited time offer.,84728
54,Sub-Saharan Africa,Madagascar,Fruits,Online,L,5/31/2016,566935575,6/7/2016,7690,9.33,6.92,71747.7,53214.8,18532.9,NBUISQVNAR5B93V,AX158344,Johnsonside,10% off on Beverages! Limited time offer.,58920
55,Asia,Malaysia,Snacks,Offline,M,10/6/2012,175033080,11/5/2012,5033,152.58,97.44,767935.14,490415.52,277519.62,DLKKROIRK3UON93,AX194166,South Matthew,10% off on Cosmetics! Limited time offer.,87557
56,Asia,Uzbekistan,Office Supplies,Offline,L,3/10/2012,276595246,3/15/2012,9535,651.21,524.96,6209287.35,5005493.6,1203793.75,8IGKJDN9EI7AF0F,AX191209,Brownfort,Buy 1 Get 1 off on Clothes! Limited time offer.,
57,Europe,Italy,Office Supplies,Online,M,1/26/2011,812295901,2/13/2011,5263,651.21,524.96,3427318.23,2762864.48,664453.75,MP4DXA10FGZ6FXA,AX182396,Lake Nicolebury,10% off on Cereal! Limited time offer.,
58,Asia,Nepal,Vegetables,Offline,C,6/2/2014,443121373,6/19/2014,8316,154.06,90.93,1281162.96,756173.88,524989.08,G943WMFT6NADC75,AX131147,West Elizabethmouth,25% off on Baby Food! Limited time offer.,50931
59,Australia and Oceania,Fiji,Personal Care,Offline,H,12/17/2016,600370490,1/25/2017,1824,81.73,56.67,149075.52,103366.08,45709.44,WTBSFK9SG51XGI0,AX175517,Keithborough,Buy 1 Get 1 off on Clothes! Limited time offer.,51076
60,Europe,Portugal,Office Supplies,Online,L,6/27/2014,535654580,7/29/2014,949,651.21,524.96,617998.29,498187.04,119811.25,L7P9LG1P7EQ9TK1,AX171561,New Christophertown,,16315
61,Central America and the Caribbean,Panama,Cosmetics,Offline,H,3/17/2015,470897471,4/22/2015,7881,437.2,263.33,3445573.2,2075303.73,1370269.47,SRUXGJS0I4UOI99,AX104313,North Phillipchester,Buy 1 Get 1 off on Clothes! Limited time offer.,98799
62,Europe,Belarus,Beverages,Offline,L,4/3/2013,248335492,4/4/2013,6846,47.45,31.79,324842.7,217634.34,107208.36,NLJL7JPGAQ66O0B,AX159862,Triciafort,,66308
63,Sub-Saharan Africa,Botswana,Clothes,Offline,C,3/8/2015,680517470,3/25/2015,9097,109.28,35.84,994120.16,326036.48,668083.68,N8NNV21IL27VD0S,AX109547,,Buy 1 Get 1 off on Clothes! Limited time offer.,85623
64,Sub-Saharan Africa,Tanzania,Personal Care,Online,M,6/21/2013,400304734,7/29/2013,7921,81.73,56.67,647383.33,448883.07,198500.26,MVI3P3UT1TET6QO,AX189364,Smithton,10% off on Baby Food! Limited time offer.,97312
65,Europe,Romania,Office Supplies,Offline,C,1/6/2013,810871112,1/8/2013,3636,651.21,524.96,2367799.56,1908754.56,459045.0,CDPJZI217E5ID45,AX114217,Melissaton,10% off on Cereal! Limited time offer.,57729
66,Sub-Saharan Africa,Mali,Cereal,Online,L,3/17/2012,235702931,4/3/2012,8590,205.7,117.11,1766963.0,1005974.9,760988.1,8J3HYK78YVTQ0BC,AX143589,Jacksonfort,10% off on Personal Care! Limited time offer.,42479
67,Sub-Saharan Africa,Central African Republic,Office Supplies,Offline,C,4/18/2014,668599021,5/12/2014,2163,651.21,524.96,1408567.23,1135488.48,273078.75,1F8FG56G0HE7MYL,AX142500,Wardfurt,10% off on Snacks! Limited time offer.,62974
68,Sub-Saharan Africa,Niger,Baby Food,Online,M,1/3/2016,123670709,2/1/2016,5766,255.28,159.42,1471944.48,919215.72,552728.76,90NGD21RV6NDT7L,AX173371,Brownport,25% off on Vegetables! Limited time offer.,31186
69,Europe,Austria,Office Supplies,Online,L,5/12/2011,285341823,6/8/2011,7841,651.21,524.96,5106137.61,4116211.36,989926.25,PD6PK5JFL4CUZEX,AX160454,Collinsmouth,25% off on Meat! Limited time offer.,57210
70,Asia,India,Fruits,Online,H,7/29/2010,658348691,8/22/2010,8862,9.33,6.92,82682.46,61325.04,21357.42,JFZ387JVYHKLJ8E,AX172264,Curryville,10% off on Household! Limited time offer.,18098
71,Europe,Luxembourg,Baby Food,Offline,L,8/2/2013,817740142,8/19/2013,6335,255.28,159.42,1617198.8,1009925.7,607273.1,QXQQRG9QEZ13SLG,AX120520,Robertborough,25% off on Baby Food! Limited time offer.,94070
72,Sub-Saharan Africa,Cape Verde,Beverages,Offline,H,10/23/2013,858877503,11/6/2013,9794,47.45,31.79,464725.3,311351.26,153374.04,MYGIJ8UWOWLXPF6,AX105076,West Angelafort,,99035
73,Europe,Sweden,Vegetables,Offline,M,2/5/2017,947434604,2/19/2017,5808,154.06,90.93,894780.48,528121.44,366659.04,EBPBQ0KRL27J8TO,AX107459,,Buy 1 Get 1 off on Personal Care! Limited time offer.,07859
74,Europe,Iceland,Meat,Offline,H,3/20/2015,869397771,4/17/2015,2975,421.89,364.69,1255122.75,1084952.75,170170.0,TJCG4ZCZ6VVNTEZ,AX182919,Mayerside,25% off on Household! Limited time offer.,43872
75,Middle East and North Africa,Qatar,Personal Care,Offline,L,5/6/2012,481065833,5/8/2012,6925,81.73,56.67,565980.25,392439.75,173540.5,N9IDXTY3XIOHO2Z,AX132206,Flowerschester,10% off on Beverages! Limited time offer.,37443
76,Sub-Saharan Africa,South Sudan,Meat,Online,C,9/30/2013,159050118,10/1/2013,5319,421.89,364.69,2244032.91,1939786.11,304246.8,VUJ9C46YI7HEMG7,AX114474,,Free Shipping off on Cereal! Limited time offer.,86677
77,Europe,United Kingdom,Office Supplies,Online,M,5/20/2014,350274455,6/14/2014,2850,651.21,524.96,1855948.5,1496136.0,359812.5,DD5RVWW9PLVK4V8,AX127095,West Adam,Buy 1 Get 1 off on Clothes! Limited time offer.,89423
78,Middle East and North Africa,Tunisia ,Cereal,Online,L,4/9/2010,221975171,5/17/2010,6241,205.7,117.11,1283773.7,730883.51,552890.19,BMNUMO9REVEGD3E,AX121825,Marshalltown,10% off on Cosmetics! Limited time offer.,61304
79,North America,United States of America,Office Supplies,Online,C,6/9/2017,811701095,7/19/2017,9247,651.21,524.96,6021738.87,4854305.12,1167433.75,PPLCDH0A45OM76O,AX160875,Adamshaven,Free Shipping off on Fruits! Limited time offer.,87245
80,Sub-Saharan Africa,Liberia,Cereal,Online,L,2/8/2015,977313554,3/29/2015,7653,205.7,117.11,1574222.1,896242.83,677979.27,ALITDVM79DOVOR5,AX193652,West Jesushaven,,15917
81,Sub-Saharan Africa,Eritrea,Snacks,Offline,L,1/25/2010,546986377,2/10/2010,4279,152.58,97.44,652889.82,416945.76,235944.06,VRF2M6C3R29ZR2X,AX150924,West Kristen,10% off on Office Supplies! Limited time offer.,85754
82,Asia,South Korea,Fruits,Offline,L,3/7/2010,769205892,3/17/2010,3972,9.33,6.92,37058.76,27486.24,9572.52,NSVF80PJT1WV7LX,AX151879,South Laura,25% off on Beverages! Limited time offer.,40080
83,Sub-Saharan Africa,Kenya,Clothes,Offline,M,1/3/2013,262770926,2/8/2013,8611,109.28,35.84,941010.08,308618.24,632391.84,HI3WHMXI9FUJYNS,AX104340,Josephfort,Free Shipping off on Snacks! Limited time offer.,59222
84,Sub-Saharan Africa,Rwanda,Snacks,Online,M,3/6/2017,866792809,3/18/2017,2109,152.58,97.44,321791.22,205500.96,116290.26,YDNRKY59E0FB832,AX168538,Elizabethchester,25% off on Baby Food! Limited time offer.,98098
85,Central America and the Caribbean,Cuba,Beverages,Offline,C,1/9/2011,890695369,2/23/2011,5408,47.45,31.79,256609.6,171920.32,84689.28,0RFLLSY9NK8RAOR,AX156688,Port Joshua,Buy 1 Get 1 off on Household! Limited time offer.,65948
86,Middle East and North Africa,Libya,Cereal,Offline,M,3/27/2014,964214932,3/31/2014,1480,205.7,117.11,304436.0,173322.8,131113.2,0GGD5701INKBWDE,AX103273,Robertchester,Free Shipping off on Personal Care! Limited time offer.,22503
87,Europe,Czech Republic,Snacks,Online,C,6/28/2013,887400329,8/17/2013,332,152.58,97.44,50656.56,32350.08,18306.48,77FKXP876ERL7ZB,AX112174,West Tylerton,Buy 1 Get 1 off on Office Supplies! Limited time offer.,21664
88,Europe,Montenegro,Beverages,Offline,M,9/4/2011,980612885,9/4/2011,3999,47.45,31.79,189752.55,127128.21,62624.34,WB67RHN4MSY11W4,AX198255,North Katiefort,Buy 1 Get 1 off on Office Supplies! Limited time offer.,19465
89,Europe,Montenegro,Clothes,Offline,M,7/14/2016,734526431,8/2/2016,1549,109.28,35.84,169274.72,55516.16,113758.56,LZ8VHHOX1RQD50B,AX134623,Lake Nicoleborough,10% off on Fruits! Limited time offer.,20779
90,Asia,Philippines,Baby Food,Online,L,2/23/2014,160127294,3/23/2014,4079,255.28,159.42,1041287.12,650274.18,391012.94,E1LNP0HACS8HXQW,AX163258,South Dominique,25% off on Household! Limited time offer.,66763
91,Central America and the Caribbean,El Salvador,Clothes,Offline,L,8/7/2010,238714301,9/13/2010,9721,109.28,35.84,1062310.88,348400.64,713910.24,S0HXV9381L00AZG,AX165927,Sparksberg,Buy 1 Get 1 off on Cosmetics! Limited time offer.,71455
92,Australia and Oceania,Tonga,Household,Online,M,1/14/2013,671898782,2/6/2013,8635,668.27,502.54,5770511.45,4339432.9,1431078.55,XB27JNV5TIEWRHI,AX191824,West Lynn,10% off on Cosmetics! Limited time offer.,19734
93,Sub-Saharan Africa,Democratic Republic of the Congo,Personal Care,Offline,H,9/30/2010,331604564,11/17/2010,8014,81.73,56.67,654984.22,454153.38,200830.84,IOH3K2718SZY2TK,AX151709,Adamborough,Free Shipping off on Beverages! Limited time offer.,56149
94,Middle East and North Africa,Afghanistan,Cereal,Online,M,10/13/2016,410067975,11/20/2016,7081,205.7,117.11,1456561.7,829255.91,627305.79,PKM8LSVB24BW2LB,AX182837,Huberbury,25% off on Snacks! Limited time offer.,40028
95,Australia and Oceania,Tuvalu,Snacks,Offline,L,3/16/2011,369837844,3/23/2011,2091,152.58,97.44,319044.78,203747.04,115297.74,EH2KAPBQWY62TXW,AX119261,Smithhaven,10% off on Vegetables! Limited time offer.,30886
96,Sub-Saharan Africa,Sudan,Fruits,Online,L,12/26/2012,193775498,1/31/2013,1331,9.33,6.92,12418.23,9210.52,3207.71,QVJOY8XJXEWHI9D,AX177700,Port Sandraberg,10% off on Clothes! Limited time offer.,93807
97,Sub-Saharan Africa,Niger,Clothes,Online,M,9/2/2015,835054767,10/9/2015,117,109.28,35.84,12785.76,4193.28,8592.48,AL0REYNLLRKHFI6,AX165075,South Catherine,,12637
98,Sub-Saharan Africa,Gabon,Household,Offline,C,11/11/2013,167161977,12/24/2013,5798,668.27,502.54,3874629.46,2913726.92,960902.54,VXGEIP0EOE9FEM0,AX175149,South Nicholasport,10% off on Cosmetics! Limited time offer.,03127
99,Australia and Oceania,East Timor,Vegetables,Offline,C,8/4/2014,633895957,8/22/2014,2755,154.06,90.93,424435.3,250512.15,173923.15,ET26WU0EKRLD8PX,AX166743,South Shariland,10% off on Baby Food! Limited time offer.,76676
100,North America,United States of America,Clothes,Offline,C,10/21/2010,699368035,12/7/2010,7398,109.28,35.84,808453.44,265144.32,543309.12,4F0KEZTJVCDYD8X,AX123201,Lake Monica,10% off on Clothes! Limited time offer.,68031
101,Middle East and North Africa,Jordan,Vegetables,Offline,L,6/13/2015,698002040,7/29/2015,3170,154.06,90.93,488370.2,288248.1,200122.1,P29UXH944IJDAD8,AX124783,Stephensmouth,Free Shipping off on Cereal! Limited time offer.,27518
102,Europe,Cyprus,Snacks,Offline,H,3/29/2012,584534299,5/18/2012,5544,152.58,97.44,845903.52,540207.36,305696.16,U35XOCROXLM62HN,AX151972,Lake Mary,Buy 1 Get 1 off on Clothes! Limited time offer.,61999
103,Sub-Saharan Africa,Malawi,Vegetables,Online,L,6/22/2012,384013640,7/19/2012,7025,154.06,90.93,1082271.5,638783.25,443488.25,1WBTG0IVKV9OQX6,AX118016,Alexisburgh,25% off on Meat! Limited time offer.,17628
104,Europe,Iceland,Personal Care,Online,M,5/10/2013,641801393,5/24/2013,2149,81.73,56.67,175637.77,121783.83,53853.94,Z6TJVWU3EKH9V05,AX188894,Lake Johnstad,25% off on Office Supplies! Limited time offer.,21953
105,Middle East and North Africa,Israel,Personal Care,Online,M,12/10/2016,173571383,1/11/2017,2484,81.73,56.67,203017.32,140768.28,62249.04,LQAN7JWMHK2JJZG,AX125535,Lake Dawn,Free Shipping off on Meat! Limited time offer.,51633
106,Middle East and North Africa,United Arab Emirates,Snacks,Offline,H,3/20/2011,115309941,4/6/2011,1629,152.58,97.44,248552.82,158729.76,89823.06,NH97B8T2LBEBORN,AX152088,New Matthewville,25% off on Cereal! Limited time offer.,05541
107,Asia,China,Cosmetics,Offline,L,9/22/2011,773315894,11/4/2011,213,437.2,263.33,93123.6,56089.29,37034.31,3Q00WH16008H28D,AX131715,Torreshaven,10% off on Baby Food! Limited time offer.,71964
108,Sub-Saharan Africa,Kenya,Beverages,Online,M,5/11/2012,274200570,6/26/2012,897,47.45,31.79,42562.65,28515.63,14047.02,RNSV2LZK525L70H,AX145783,Tinaville,10% off on Vegetables! Limited time offer.,44308
109,Middle East and North Africa,Somalia,Clothes,Offline,M,11/15/2011,414887797,11/17/2011,3374,109.28,35.84,368710.72,120924.16,247786.56,3XAHQLKZG0L5Z9X,AX101251,East Heatherside,10% off on Office Supplies! Limited time offer.,55187
110,Australia and Oceania,Tonga,Beverages,Offline,L,1/27/2010,812613904,1/29/2010,9367,47.45,31.79,444464.15,297776.93,146687.22,KBKGEJR4L6L6JST,AX178267,Jonesview,,23718
111,Asia,Bangladesh,Baby Food,Online,H,8/17/2011,254927718,9/7/2011,7632,255.28,159.42,1948296.96,1216693.44,731603.52,5CD5AOBHVUZWJ8D,AX142635,North Reginaldville,Buy 1 Get 1 off on Baby Food! Limited time offer.,83056
112,Middle East and North Africa,Egypt,Beverages,Offline,M,9/6/2014,749690568,10/26/2014,8954,47.45,31.79,424867.3,284647.66,140219.64,FH23T4TTMX6CTZW,AX159305,West Jason,10% off on Clothes! Limited time offer.,16855
113,Sub-Saharan Africa,Eritrea,Cereal,Offline,C,9/3/2014,775076282,9/19/2014,1150,205.7,117.11,236555.0,134676.5,101878.5,SZE7LDS2U7J8L3E,AX163080,Lake Glennport,Buy 1 Get 1 off on Beverages! Limited time offer.,81784
114,Sub-Saharan Africa,Swaziland,Office Supplies,Online,H,9/5/2015,229571187,9/18/2015,4071,651.21,524.96,2651075.91,2137112.16,513963.75,VK8LI8UU0CROAXM,AX148171,Port Juan,Free Shipping off on Cereal! Limited time offer.,06393
115,Asia,Vietnam,Baby Food,Online,C,6/20/2011,881974112,7/11/2011,4594,255.28,159.42,1172756.32,732375.48,440380.84,XR14H92237Y88J4,AX107016,Port Brian,Free Shipping off on Household! Limited time offer.,61775
116,Australia and Oceania,Marshall Islands,Snacks,Online,L,1/12/2012,521396386,2/14/2012,1632,152.58,97.44,249010.56,159022.08,89988.48,F89WD0DBO32XBK4,AX105472,North Christina,10% off on Cereal! Limited time offer.,49505
117,Asia,Taiwan,Household,Online,C,1/23/2017,607261836,2/22/2017,1127,668.27,502.54,753140.29,566362.58,186777.71,5WA7Y7E9F3JXG2K,AX124097,Lake Brandy,Buy 1 Get 1 off on Meat! Limited time offer.,80240
118,Europe,Ireland,Vegetables,Online,M,3/4/2012,419306790,3/12/2012,1052,154.06,90.93,162071.12,95658.36,66412.76,87JA787UANS8806,AX184553,West Jose,25% off on Cosmetics! Limited time offer.,33161
119,Sub-Saharan Africa,Rwanda,Meat,Offline,H,7/18/2010,207580077,7/18/2010,6413,421.89,364.69,2705580.57,2338756.97,366823.6,X2R02YSQWR84UDS,AX104517,Port Joanne,Buy 1 Get 1 off on Snacks! Limited time offer.,64335
120,Europe,Sweden,Snacks,Online,M,4/12/2011,742443025,4/15/2011,4245,152.58,97.44,647702.1,413632.8,234069.3,GQJYTNWJM0SRIL4,AX116776,Port Tracy,,97172
121,Sub-Saharan Africa,Gabon,Snacks,Offline,M,10/3/2010,164569461,10/5/2010,8615,152.58,97.44,1314476.7,839445.6,475031.1,SR5RP8JTBHWJLNO,AX130369,West Robert,Buy 1 Get 1 off on Meat! Limited time offer.,01388
122,Sub-Saharan Africa,South Africa,Baby Food,Online,L,12/29/2013,734945714,2/12/2014,5624,255.28,159.42,1435694.72,896578.08,539116.64,TS9R7IET1XBDVV4,AX181618,North Timothyside,10% off on Personal Care! Limited time offer.,20444
123,Europe,United Kingdom,Clothes,Offline,C,9/19/2015,284870612,10/7/2015,8399,109.28,35.84,917842.72,301020.16,616822.56,5Y4918AMXCO7L1Z,AX179770,,,17396
124,Europe,Albania,Fruits,Offline,M,9/17/2011,765955483,10/7/2011,2104,9.33,6.92,19630.32,14559.68,5070.64,W6N7261K5FF8ML9,AX121492,Ramirezland,10% off on Vegetables! Limited time offer.,22305
125,Asia,Malaysia,Snacks,Offline,H,3/11/2010,600124156,4/21/2010,8929,152.58,97.44,1362386.82,870041.76,492345.06,TCUZ9K7920MPQJH,AX124626,Hollandbury,10% off on Beverages! Limited time offer.,46443
126,Sub-Saharan Africa,Ghana,Household,Offline,L,11/10/2012,529612958,12/11/2012,3098,668.27,502.54,2070300.46,1556868.92,513431.54,EO5BVUR3HHDGSHG,AX121451,Davidland,Buy 1 Get 1 off on Cereal! Limited time offer.,97881
127,Central America and the Caribbean,Cuba,Clothes,Offline,H,2/16/2011,466970717,3/18/2011,5867,109.28,35.84,641145.76,210273.28,430872.48,KOIO4K7XAR5S278,AX110356,Lake Anthony,Free Shipping off on Beverages! Limited time offer.,55287
128,Central America and the Caribbean,Saint Lucia,Cosmetics,Online,C,8/13/2012,845058763,9/22/2012,522,437.2,263.33,228218.4,137458.26,90760.14,5TKLCDO4CBRR6TU,AX199784,Combsbury,10% off on Office Supplies! Limited time offer.,55193
129,Europe,Romania,Snacks,Offline,L,8/28/2014,367050921,8/31/2014,7379,152.58,97.44,1125887.82,719009.76,406878.06,DH5V1ILZ32PGF8U,AX139739,Andrewstad,25% off on Cosmetics! Limited time offer.,15989
130,Europe,Portugal,Office Supplies,Online,L,8/19/2015,956433522,9/12/2015,8788,651.21,524.96,5722833.48,4613348.48,1109485.0,MUJ8300TH6D10CQ,AX101399,Lake Nathaniel,Free Shipping off on Office Supplies! Limited time offer.,91711
131,Europe,Macedonia,Beverages,Online,C,3/20/2011,107005393,5/4/2011,4129,47.45,31.79,195921.05,131260.91,64660.14,UBP3UNWJN2Y9K9G,AX166294,Carolberg,Buy 1 Get 1 off on Household! Limited time offer.,66943
132,Asia,China,Beverages,Offline,C,4/16/2013,332877862,5/7/2013,4811,47.45,31.79,228281.95,152941.69,75340.26,5D4A0JMKG43R54G,AX173857,South Karenborough,10% off on Baby Food! Limited time offer.,89357
133,Europe,Germany,Baby Food,Online,L,11/13/2015,618474757,12/31/2015,9279,255.28,159.42,2368743.12,1479258.18,889484.94,C8RBG8K5INFFO2Y,AX164864,Lake Robertshire,25% off on Baby Food! Limited time offer.,27343
134,Europe,Ireland,Household,Online,M,1/10/2014,468532407,2/11/2014,8006,668.27,502.54,5350169.62,4023335.24,1326834.38,1MW9Q96DSPUKYFX,AX147543,North Michele,10% off on Household! Limited time offer.,07656
135,Europe,Poland,Office Supplies,Offline,M,4/9/2015,358099639,4/29/2015,8496,651.21,524.96,5532680.16,4460060.16,1072620.0,BRHYJGN4O4R6OIR,AX122087,Wrightberg,Buy 1 Get 1 off on Personal Care! Limited time offer.,
136,Sub-Saharan Africa,Namibia,Household,Online,H,1/7/2013,382537782,1/27/2013,285,668.27,502.54,190456.95,143223.9,47233.05,AUEZYSQPA2TK6JE,AX143893,,Free Shipping off on Household! Limited time offer.,91559
137,Asia,Uzbekistan,Personal Care,Offline,H,2/12/2013,707520663,3/15/2013,9942,81.73,56.67,812559.66,563413.14,249146.52,KQX150QOTOS83ST,AX195845,East Heatherhaven,Buy 1 Get 1 off on Office Supplies! Limited time offer.,54018
138,Sub-Saharan Africa,Zimbabwe,Meat,Online,M,11/28/2014,219034612,12/10/2014,6064,421.89,364.69,2558340.96,2211480.16,346860.8,M7WYK6T97EU1XT5,AX117706,South Danielville,Free Shipping off on Snacks! Limited time offer.,60628
139,Asia,Mongolia,Meat,Offline,M,1/3/2015,573378455,1/17/2015,4281,421.89,364.69,1806111.09,1561237.89,244873.2,9E585U4PQN414VO,AX133066,New Deanbury,10% off on Vegetables! Limited time offer.,44378
140,Europe,Norway,Personal Care,Online,H,2/3/2011,347163522,3/22/2011,2256,81.73,56.67,184382.88,127847.52,56535.36,7E4SVLPGX85EWQS,AX188191,New Brandonland,10% off on Fruits! Limited time offer.,38094
141,Middle East and North Africa,Oman,Snacks,Offline,M,4/9/2013,887313640,4/21/2013,4679,152.58,97.44,713921.82,455921.76,258000.06,7O6SL57VWIVVHC0,AX125152,Patrickland,Buy 1 Get 1 off on Baby Food! Limited time offer.,03932
142,Europe,Serbia,Cosmetics,Online,H,7/26/2017,461065137,8/19/2017,8275,437.2,263.33,3617830.0,2179055.75,1438774.25,EDSCHTFMQF9UIMP,AX162886,Davenportchester,10% off on Cereal! Limited time offer.,94646
143,Sub-Saharan Africa,Democratic Republic of the Congo,Fruits,Offline,H,4/15/2017,105966842,5/19/2017,6798,9.33,6.92,63425.34,47042.16,16383.18,G36OG32K5HBAVAW,AX142450,Martinezfort,10% off on Clothes! Limited time offer.,
144,Europe,Bulgaria,Baby Food,Online,M,5/16/2014,479880082,5/23/2014,6035,255.28,159.42,1540614.8,962099.7,578515.1,O6VC6RNSNYBWQUA,AX131830,South Dawn,25% off on Office Supplies! Limited time offer.,97011
145,Asia,Brunei,Baby Food,Online,H,8/12/2015,510978686,9/30/2015,8803,255.28,159.42,2247229.84,1403374.26,843855.58,NA1K0YNMFD7THYK,AX102644,Duncanchester,10% off on Clothes! Limited time offer.,
146,Europe,Serbia,Snacks,Offline,C,9/20/2013,547748982,10/14/2013,9951,152.58,97.44,1518323.58,969625.44,548698.14,SQACLVC8F50JDOQ,AX129876,New Michellemouth,,58996
147,Sub-Saharan Africa,Ghana,Cereal,Offline,M,10/31/2013,108989799,12/9/2013,1358,205.7,117.11,279340.6,159035.38,120305.22,20352X3E2CT0GM4,AX155113,Lake Tiffanyhaven,Free Shipping off on Cereal! Limited time offer.,15611
148,Sub-Saharan Africa,Malawi,Cereal,Offline,M,7/30/2014,133812463,8/9/2014,6936,205.7,117.11,1426735.2,812274.96,614460.24,5EPMB7LZZTYG3FG,AX139099,Thomasfurt,25% off on Cosmetics! Limited time offer.,98394
149,Sub-Saharan Africa,Zimbabwe,Fruits,Offline,L,11/12/2011,731640803,12/30/2011,7627,9.33,6.92,71159.91,52778.84,18381.07,SGZ6YOK2XP754HE,AX106120,Taylorport,10% off on Baby Food! Limited time offer.,50054
150,Europe,Cyprus,Snacks,Offline,C,3/25/2010,732211148,4/14/2010,6405,152.58,97.44,977274.9,624103.2,353171.7,907UDROWL0VVW7V,AX181915,West Christopher,25% off on Cosmetics! Limited time offer.,12944
151,Central America and the Caribbean,Nicaragua,Cereal,Online,M,7/4/2011,835572326,8/8/2011,3274,205.7,117.11,673461.8,383418.14,290043.66,23U25USYMWRGVXC,AX153588,,,76717
152,Europe,Estonia,Baby Food,Offline,C,1/1/2011,462085664,1/15/2011,271,255.28,159.42,69180.88,43202.82,25978.06,ZZERW34C029DPTY,AX197305,,Free Shipping off on Office Supplies! Limited time offer.,83097
153,Europe,Estonia,Clothes,Online,C,6/16/2016,902424991,7/4/2016,6463,109.28,35.84,706276.64,231633.92,474642.72,EH7RX7ZUJUO70CJ,AX100251,Michellechester,Buy 1 Get 1 off on Fruits! Limited time offer.,25747
154,Europe,Lithuania,Fruits,Offline,H,12/17/2013,367576634,1/5/2014,2949,9.33,6.92,27514.17,20407.08,7107.09,OYD7TDIOI1MPRI3,AX108193,East Erinchester,25% off on Office Supplies! Limited time offer.,17765
155,Sub-Saharan Africa,Republic of the Congo,Meat,Offline,H,3/1/2017,738839423,3/31/2017,7859,421.89,364.69,3315633.51,2866098.71,449534.8,KYCB8OTG5POEOY2,AX135945,Lake Brittany,Buy 1 Get 1 off on Beverages! Limited time offer.,45138
156,Europe,Czech Republic,Baby Food,Online,C,7/2/2010,817824685,7/27/2010,1353,255.28,159.42,345393.84,215695.26,129698.58,KY0ZEKSOOZS9LTP,AX136638,Walkerstad,Buy 1 Get 1 off on Baby Food! Limited time offer.,76312
157,Sub-Saharan Africa,Cameroon,Snacks,Online,C,7/16/2013,376456248,8/1/2013,624,152.58,97.44,95209.92,60802.56,34407.36,4C3OZONU2Y5HERL,AX192950,,25% off on Meat! Limited time offer.,75985
158,Asia,Vietnam,Office Supplies,Online,H,8/16/2016,606970441,9/16/2016,4897,651.21,524.96,3188975.37,2570729.12,618246.25,MUA2A2X3QZ2JS9M,AX163980,New Andreahaven,25% off on Beverages! Limited time offer.,16189
159,Europe,Moldova ,Meat,Offline,L,12/16/2014,971916091,1/19/2015,424,421.89,364.69,178881.36,154628.56,24252.8,I5BCD2XH0Z8USE7,AX115869,Isaacland,Buy 1 Get 1 off on Office Supplies! Limited time offer.,79333
160,Middle East and North Africa,Bahrain,Office Supplies,Offline,L,5/14/2012,554154527,5/15/2012,5494,651.21,524.96,3577747.74,2884130.24,693617.5,QV4F67NED5O0N49,AX197546,Russoland,Free Shipping off on Office Supplies! Limited time offer.,29120
161,Europe,Hungary,Household,Online,L,7/18/2017,306859576,7/19/2017,5423,668.27,502.54,3624028.21,2725274.42,898753.79,FST81S63KQGFGMC,AX193417,Lake Jennifer,10% off on Cereal! Limited time offer.,07039
162,Australia and Oceania,Marshall Islands,Personal Care,Offline,L,7/9/2017,803517568,7/21/2017,7559,81.73,56.67,617797.07,428368.53,189428.54,W8LNU1OR7EJ04TX,AX163325,Port Willieside,25% off on Baby Food! Limited time offer.,94545
163,Middle East and North Africa,Iraq,Office Supplies,Online,C,9/30/2011,887927329,10/2/2011,6283,651.21,524.96,4091552.43,3298323.68,793228.75,UUTIW1AEC0AK0Z2,AX127069,Martinview,Buy 1 Get 1 off on Household! Limited time offer.,79463
164,Europe,Albania,Vegetables,Online,H,11/24/2015,824200189,11/26/2015,8006,154.06,90.93,1233404.36,727985.58,505418.78,VOIRPKWAKO32044,AX154754,Figueroafort,Free Shipping off on Baby Food! Limited time offer.,65340
165,Sub-Saharan Africa,Lesotho,Office Supplies,Online,H,8/14/2012,946759974,9/14/2012,6170,651.21,524.96,4017965.7,3239003.2,778962.5,2MIJMQ85APLDNCF,AX185412,Lake Alex,25% off on Beverages! Limited time offer.,02659
166,Middle East and North Africa,Lebanon,Clothes,Offline,H,12/6/2015,310343015,12/28/2015,6249,109.28,35.84,682890.72,223964.16,458926.56,LZVWG9Z2BE0WMAU,AX100109,Ramirezton,Free Shipping off on Clothes! Limited time offer.,29104
167,Europe,Hungary,Vegetables,Online,C,5/25/2014,739998137,7/9/2014,748,154.06,90.93,115236.88,68015.64,47221.24,DTAGEOKD5BSKQNT,AX140691,North Jessica,Buy 1 Get 1 off on Beverages! Limited time offer.,24688
168,Asia,Japan,Beverages,Online,H,10/18/2012,981086671,11/21/2012,4203,47.45,31.79,199432.35,133613.37,65818.98,F9GFJ1MG18YN1P9,AX140863,West Kevin,25% off on Household! Limited time offer.,81771
169,Europe,Georgia,Office Supplies,Offline,L,3/13/2013,749282443,3/25/2013,8180,651.21,524.96,5326897.8,4294172.8,1032725.0,HVES4UAWVM9M584,AX108976,Hectorfort,Free Shipping off on Meat! Limited time offer.,70751
170,Europe,Estonia,Office Supplies,Online,C,2/23/2011,280571782,3/11/2011,6280,651.21,524.96,4089598.8,3296748.8,792850.0,P33LABV3U5YB8UK,AX159290,North Robert,25% off on Fruits! Limited time offer.,58751
171,Europe,Luxembourg,Household,Online,C,8/15/2014,781253516,9/1/2014,9131,668.27,502.54,6101973.37,4588692.74,1513280.63,S15U6ZCW3APAT9C,AX188632,Lake Michaelview,25% off on Snacks! Limited time offer.,95298
172,Sub-Saharan Africa,Swaziland,Personal Care,Online,H,7/6/2017,377938973,7/11/2017,9396,81.73,56.67,767935.08,532471.32,235463.76,92HGFP8X65J5A30,AX149205,Kimhaven,10% off on Office Supplies! Limited time offer.,
173,Europe,Romania,Clothes,Offline,C,12/31/2010,867551982,1/3/2011,6765,109.28,35.84,739279.2,242457.6,496821.6,NT8ZHBB3C3TACV0,AX120158,,Free Shipping off on Vegetables! Limited time offer.,58678
174,Sub-Saharan Africa,Ethiopia,Personal Care,Offline,C,1/13/2010,967328870,1/15/2010,2964,81.73,56.67,242247.72,167969.88,74277.84,4YPHL6MHV0IKEJE,AX122143,Jeffreyton,25% off on Cereal! Limited time offer.,37749
175,Sub-Saharan Africa,Chad,Office Supplies,Offline,C,9/17/2011,364818465,10/16/2011,6746,651.21,524.96,4393062.66,3541380.16,851682.5,KW43WZ8KE8QHMKS,AX174449,Patriciaton,Free Shipping off on Snacks! Limited time offer.,19133
176,Middle East and North Africa,Morocco,Office Supplies,Online,C,3/8/2014,167882096,3/31/2014,8898,651.21,524.96,5794466.58,4671094.08,1123372.5,LS8G97B899Q7BQA,AX139134,Ochoaview,Buy 1 Get 1 off on Clothes! Limited time offer.,32890
177,North America,Mexico,Clothes,Online,H,11/18/2012,654693591,12/1/2012,7237,109.28,35.84,790859.36,259374.08,531485.28,LVCZYIDIQC2AFOW,AX146767,Wrightview,,65663
178,Sub-Saharan Africa,Nigeria,Personal Care,Offline,H,11/18/2011,823739278,12/29/2011,1612,81.73,56.67,131748.76,91352.04,40396.72,BPICI8F0AR531JQ,AX160315,New Kara,Buy 1 Get 1 off on Fruits! Limited time offer.,62237
179,Central America and the Caribbean,Trinidad and Tobago,Beverages,Offline,L,7/12/2012,643817985,8/19/2012,8904,47.45,31.79,422494.8,283058.16,139436.64,4SMCNZ9VPSURNPQ,AX113479,New Crystal,Free Shipping off on Vegetables! Limited time offer.,44105
180,Europe,Moldova ,Personal Care,Offline,H,3/30/2017,604041039,5/15/2017,8022,81.73,56.67,655638.06,454606.74,201031.32,57BY92PPWEYEQ40,AX109179,West Charles,Buy 1 Get 1 off on Cereal! Limited time offer.,39465
181,Australia and Oceania,Solomon Islands,Personal Care,Online,H,7/26/2010,363832271,9/12/2010,4909,81.73,56.67,401212.57,278193.03,123019.54,ISI4ERRPDM8B45I,AX170549,Jenniferfort,,36970
182,Asia,India,Personal Care,Online,L,12/24/2015,102928006,1/31/2016,7539,81.73,56.67,616162.47,427235.13,188927.34,Y94FVGI24OFXMFZ,AX164357,Changborough,,77518
183,Sub-Saharan Africa,Burkina Faso,Office Supplies,Offline,M,5/15/2016,971377074,5/15/2016,917,651.21,524.96,597159.57,481388.32,115771.25,KP4PHTWO4CEE9UX,AX160305,Contrerasmouth,Free Shipping off on Fruits! Limited time offer.,58590
184,Australia and Oceania,Kiribati,Meat,Online,L,11/3/2010,139540803,12/4/2010,2079,421.89,364.69,877109.31,758190.51,118918.8,9OVO471SHIY7OTR,AX163406,North Desireeberg,Buy 1 Get 1 off on Cosmetics! Limited time offer.,01898
185,Middle East and North Africa,Israel,Meat,Offline,M,12/1/2010,248093020,12/16/2010,5093,421.89,364.69,2148685.77,1857366.17,291319.6,L3XNZ1DGNXKKJRL,AX129119,,Free Shipping off on Snacks! Limited time offer.,05271
186,Sub-Saharan Africa,Comoros,Snacks,Offline,L,1/16/2014,858020055,1/17/2014,6056,152.58,97.44,924024.48,590096.64,333927.84,5JQ000FWUGNSYCA,AX137752,Collinstown,,83164
187,Middle East and North Africa,Iran,Baby Food,Offline,H,12/11/2014,700620734,1/5/2015,8099,255.28,159.42,2067512.72,1291142.58,776370.14,54N4CVQ04ZXXRJC,AX133609,East Dustinberg,Buy 1 Get 1 off on Fruits! Limited time offer.,02536
188,Asia,Vietnam,Cosmetics,Offline,L,12/24/2016,827506387,1/30/2017,6384,437.2,263.33,2791084.8,1681098.72,1109986.08,8VD5OPIVL9PBJVA,AX156019,North Andrewhaven,25% off on Cosmetics! Limited time offer.,01510
189,Central America and the Caribbean,Belize,Household,Online,M,3/21/2013,560600841,4/14/2013,3101,668.27,502.54,2072305.27,1558376.54,513928.73,X9PHFP51XGS5ZD0,AX162215,New Chris,,66240
190,Europe,Belarus,Personal Care,Offline,H,12/8/2012,642140424,1/16/2013,2476,81.73,56.67,202363.48,140314.92,62048.56,XW4PN4F0HEIG3SH,AX171172,Lambberg,25% off on Cosmetics! Limited time offer.,
191,North America,United States of America,Baby Food,Offline,C,2/13/2015,984673964,3/5/2015,5763,255.28,159.42,1471178.64,918737.46,552441.18,Z0VQ6BO9QNOS7ID,AX107246,,Buy 1 Get 1 off on Baby Food! Limited time offer.,01498
192,Europe,Poland,Beverages,Online,L,3/28/2012,221062791,4/18/2012,6247,47.45,31.79,296420.15,198592.13,97828.02,W5UGULFDP91DWFB,AX120108,Glennbury,25% off on Household! Limited time offer.,56153
193,North America,Canada,Vegetables,Offline,L,10/7/2016,654480731,11/8/2016,4247,154.06,90.93,654292.82,386179.71,268113.11,VHWGO80CNQB7Y86,AX155828,West Jamie,10% off on Office Supplies! Limited time offer.,18629
194,Middle East and North Africa,Israel,Beverages,Offline,C,12/15/2011,608414113,12/23/2011,2111,47.45,31.79,100166.95,67108.69,33058.26,Z3NDZIR0MW1ZO0R,AX152067,North Erinborough,25% off on Clothes! Limited time offer.,23486
195,Middle East and North Africa,Lebanon,Household,Online,L,3/8/2016,276661765,4/20/2016,9219,668.27,502.54,6160781.13,4632916.26,1527864.87,RJDFEP06A4URNM4,AX143182,Trevorstad,Free Shipping off on Meat! Limited time offer.,21603
196,Europe,Andorra,Baby Food,Online,L,1/18/2011,373335015,2/28/2011,6982,255.28,159.42,1782364.96,1113070.44,669294.52,Z2HIDMDJZ7RSRVR,AX138078,East Dennis,Free Shipping off on Household! Limited time offer.,58668
197,Europe,Slovakia,Clothes,Online,L,4/11/2013,782857692,5/28/2013,3843,109.28,35.84,419963.04,137733.12,282229.92,7SYB4V479DUGVV0,AX191599,Brandonbury,10% off on Snacks! Limited time offer.,81341
198,Sub-Saharan Africa,Liberia,Fruits,Online,H,5/18/2010,109966123,6/5/2010,274,9.33,6.92,2556.42,1896.08,660.34,BOHCADM49K1UVQR,AX175183,Jessicaside,Free Shipping off on Cosmetics! Limited time offer.,19460
199,Central America and the Caribbean,Antigua and Barbuda ,Cereal,Offline,M,6/5/2017,629709136,6/6/2017,3782,205.7,117.11,777957.4,442910.02,335047.38,E727DU5UTIOYSFZ,AX186636,Smithville,,33837
200,Asia,China,Personal Care,Online,L,9/11/2012,637448060,9/15/2012,3901,81.73,56.67,318828.73,221069.67,97759.06,RAXNQ9J17TRM0YO,AX110211,Petersland,Buy 1 Get 1 off on Cereal! Limited time offer.,10528
201,Sub-Saharan Africa,Niger,Baby Food,Online,H,3/8/2017,298856723,4/3/2017,7200,255.28,159.42,1838016.0,1147824.0,690192.0,V229W2EHNLOLR1T,AX154773,East Alexander,Free Shipping off on Cereal! Limited time offer.,33409
202,Europe,United Kingdom,Household,Offline,L,1/28/2015,299921452,2/23/2015,2278,668.27,502.54,1522319.06,1144786.12,377532.94,WE7SDHZFD5S7KHH,AX168315,Brandonmouth,Free Shipping off on Cereal! Limited time offer.,44821
203,Asia,Bangladesh,Personal Care,Offline,M,7/26/2010,496941077,7/29/2010,4763,81.73,56.67,389279.99,269919.21,119360.78,CC09EQFG1GH8HUW,AX130622,Smithmouth,25% off on Personal Care! Limited time offer.,89460
204,Asia,Myanmar,Snacks,Online,L,6/24/2016,366526925,7/14/2016,2317,152.58,97.44,353527.86,225768.48,127759.38,WF8NEAQ8WUFDMGO,AX198407,Kellytown,Free Shipping off on Cosmetics! Limited time offer.,61919
205,Australia and Oceania,Tonga,Meat,Offline,M,8/18/2012,355602824,9/15/2012,9633,421.89,364.69,4064066.37,3513058.77,551007.6,9VCTZVUHNS6O6GJ,AX186656,Stewartburgh,10% off on Beverages! Limited time offer.,84134
206,Sub-Saharan Africa,Guinea-Bissau,Vegetables,Online,C,3/11/2010,531405103,4/19/2010,3434,154.06,90.93,529042.04,312253.62,216788.42,P02LVVH7RCM9AAM,AX131458,Payneview,25% off on Vegetables! Limited time offer.,50818
207,Australia and Oceania,Nauru,Vegetables,Offline,M,1/14/2010,131482589,1/20/2010,7475,154.06,90.93,1151598.5,679701.75,471896.75,Z23PU9RIXTN1A7T,AX197353,Johnsonchester,Buy 1 Get 1 off on Meat! Limited time offer.,48121
208,Sub-Saharan Africa,Swaziland,Cereal,Online,L,2/10/2014,713696610,3/28/2014,7542,205.7,117.11,1551389.4,883243.62,668145.78,ZG69W0YEY7VKHFS,AX112581,South Carol,25% off on Cereal! Limited time offer.,54906
209,Europe,Finland,Vegetables,Online,C,1/21/2014,306220996,1/30/2014,6452,154.06,90.93,993995.12,586680.36,407314.76,XKT0IVWO66XT60I,AX114119,Kennethstad,10% off on Office Supplies! Limited time offer.,71854
210,Australia and Oceania,Papua New Guinea,Household,Offline,L,2/28/2010,157542073,3/15/2010,9055,668.27,502.54,6051184.85,4550499.7,1500685.15,L4MAH5FRUHV0RVM,AX172956,Timothyburgh,,78140
211,Sub-Saharan Africa,Mauritius ,Personal Care,Online,L,2/18/2015,686458671,3/8/2015,7230,81.73,56.67,590907.9,409724.1,181183.8,3O8EYN5808GXHPI,AX178418,Angelatown,25% off on Beverages! Limited time offer.,28571
212,Sub-Saharan Africa,Mozambique,Office Supplies,Online,M,6/14/2012,132082116,7/22/2012,4888,651.21,524.96,3183114.48,2566004.48,617110.0,EMYMDZVMRI6SMFZ,AX131433,Alexanderport,25% off on Baby Food! Limited time offer.,70706
213,Europe,Bulgaria,Clothes,Online,L,3/5/2013,403836238,4/3/2013,2972,109.28,35.84,324780.16,106516.48,218263.68,ZCP48BX5DDVZCRH,AX168814,Jasonfurt,Free Shipping off on Fruits! Limited time offer.,74727
214,Europe,Spain,Household,Online,C,4/10/2014,331457364,4/23/2014,4455,668.27,502.54,2977142.85,2238815.7,738327.15,UBEGV3IP9WXO2LT,AX166403,,25% off on Beverages! Limited time offer.,29048
215,Australia and Oceania,Vanuatu,Meat,Online,H,7/26/2017,614994323,9/12/2017,9341,421.89,364.69,3940874.49,3406569.29,534305.2,7LHR8BEOUSZJQQB,AX136255,Newtonberg,Buy 1 Get 1 off on Household! Limited time offer.,
216,Europe,Belgium,Fruits,Offline,L,10/19/2010,674808442,10/24/2010,9669,9.33,6.92,90211.77,66909.48,23302.29,EHMMT4MG8UAEIYO,AX180725,West Martin,Free Shipping off on Snacks! Limited time offer.,37213
217,Europe,Belgium,Baby Food,Offline,L,11/8/2016,901573550,12/23/2016,4503,255.28,159.42,1149525.84,717868.26,431657.58,QQ7TB69JKVDRU7D,AX187601,,Buy 1 Get 1 off on Cereal! Limited time offer.,78475
218,Sub-Saharan Africa,Guinea-Bissau,Clothes,Online,L,3/31/2014,406275975,5/10/2014,4944,109.28,35.84,540280.32,177192.96,363087.36,YKQYIL6LC6B0PW3,AX123590,West Nicole,Buy 1 Get 1 off on Baby Food! Limited time offer.,33208
219,Sub-Saharan Africa,Togo,Vegetables,Online,C,8/18/2016,170214545,8/19/2016,9121,154.06,90.93,1405181.26,829372.53,575808.73,TQXD19JX4GBM0A2,AX194655,West Victor,Buy 1 Get 1 off on Cosmetics! Limited time offer.,89348
220,Sub-Saharan Africa,Cote d'Ivoire,Personal Care,Offline,C,1/3/2016,795000588,1/8/2016,7196,81.73,56.67,588129.08,407797.32,180331.76,NCU7NWSYRIKB0UJ,AX100200,Davidborough,10% off on Cereal! Limited time offer.,08596
221,Sub-Saharan Africa,Republic of the Congo,Fruits,Offline,C,10/21/2016,252557933,11/4/2016,6360,9.33,6.92,59338.8,44011.2,15327.6,2K9H69IFIL8B7XW,AX152743,Lake Andrewchester,25% off on Fruits! Limited time offer.,14268
222,Middle East and North Africa,Libya,Baby Food,Offline,M,12/10/2016,635122907,12/13/2016,5837,255.28,159.42,1490069.36,930534.54,559534.82,NPFXY8GHIYC6HBS,AX186727,New Monicahaven,Buy 1 Get 1 off on Clothes! Limited time offer.,22001
223,Australia and Oceania,East Timor,Vegetables,Online,C,8/12/2011,505244338,9/19/2011,1882,154.06,90.93,289940.92,171130.26,118810.66,UHOTZWN8AIIV3UL,AX116739,Lake Adam,Buy 1 Get 1 off on Snacks! Limited time offer.,16095
224,Europe,Switzerland,Clothes,Offline,H,3/23/2012,745783555,5/9/2012,2782,109.28,35.84,304016.96,99706.88,204310.08,2M2WD3S1U84I120,AX124734,,Free Shipping off on Vegetables! Limited time offer.,41890
225,Australia and Oceania,Palau,Snacks,Offline,M,4/27/2012,509914386,6/11/2012,3853,152.58,97.44,587890.74,375436.32,212454.42,JPA0ZUA0OB498UQ,AX178058,,Buy 1 Get 1 off on Household! Limited time offer.,
226,Middle East and North Africa,Jordan,Household,Online,M,1/29/2014,371123158,2/9/2014,2445,668.27,502.54,1633920.15,1228710.3,405209.85,OL2G4XP3BLRLNYS,AX146939,Devinberg,25% off on Beverages! Limited time offer.,25487
227,Europe,Slovenia,Household,Online,H,12/13/2016,973208701,12/28/2016,2936,668.27,502.54,1962040.72,1475457.44,486583.28,WKFO1OICB4D4SQ8,AX163426,Melindabury,,42158
228,Asia,South Korea,Baby Food,Online,L,11/21/2013,780282342,12/27/2013,1739,255.28,159.42,443931.92,277231.38,166700.54,LWDBFISMRE3CB9C,AX113020,Crystalview,Free Shipping off on Cosmetics! Limited time offer.,70838
229,Europe,Norway,Clothes,Online,H,4/7/2010,126767909,5/22/2010,2296,109.28,35.84,250906.88,82288.64,168618.24,E368ZSI8VBKF88E,AX131885,Lisaborough,Buy 1 Get 1 off on Baby Food! Limited time offer.,01924
230,Middle East and North Africa,Afghanistan,Baby Food,Online,M,7/8/2012,767401731,7/30/2012,80,255.28,159.42,20422.4,12753.6,7668.8,VMU8O2MVGUOS0FZ,AX173154,East Brett,10% off on Cosmetics! Limited time offer.,96466
231,Asia,Bangladesh,Personal Care,Online,L,10/15/2016,927232635,11/24/2016,7597,81.73,56.67,620902.81,430521.99,190380.82,TO1KUDHS0FBJ6VJ,AX194812,South Emilymouth,Free Shipping off on Fruits! Limited time offer.,75314
232,Sub-Saharan Africa,Guinea,Meat,Offline,M,9/18/2012,251621949,10/20/2012,9381,421.89,364.69,3957750.09,3421156.89,536593.2,GYIP05HSB4AO175,AX159427,Port Anthony,10% off on Office Supplies! Limited time offer.,68363
233,Central America and the Caribbean,Cuba,Office Supplies,Offline,H,7/2/2017,256243503,7/23/2017,7002,651.21,524.96,4559772.42,3675769.92,884002.5,EFLW92V3Q00EWE2,AX191618,New Marvin,,39445
234,Europe,Russia,Cosmetics,Offline,C,7/21/2011,277083623,9/2/2011,4056,437.2,263.33,1773283.2,1068066.48,705216.72,WLGN0QQAVHQM5NB,AX199833,Hillville,Free Shipping off on Office Supplies! Limited time offer.,17296
235,Sub-Saharan Africa,Seychelles ,Vegetables,Offline,L,6/1/2010,620441138,6/22/2010,1175,154.06,90.93,181020.5,106842.75,74177.75,M7BGL3AOHWVM1EP,AX158352,South Michaelmouth,Free Shipping off on Personal Care! Limited time offer.,43206
236,Asia,South Korea,Office Supplies,Offline,M,7/26/2015,312927377,9/7/2015,1020,651.21,524.96,664234.2,535459.2,128775.0,U935JTQYAG740EM,AX130538,South Mariahport,Free Shipping off on Beverages! Limited time offer.,18341
237,Sub-Saharan Africa,Ghana,Baby Food,Offline,L,8/6/2010,251466166,9/8/2010,3282,255.28,159.42,837828.96,523216.44,314612.52,X9U9MQEVJRA47IO,AX126811,,25% off on Household! Limited time offer.,04116
238,Central America and the Caribbean,Costa Rica,Office Supplies,Online,H,6/20/2010,953293836,7/22/2010,9685,651.21,524.96,6306968.85,5084237.6,1222731.25,NRBPE6C8KY47HO4,AX152961,,,66921
239,Europe,Romania,Cereal,Online,C,4/8/2012,305959212,4/23/2012,8985,205.7,117.11,1848214.5,1052233.35,795981.15,MJ2OZR3ZY4283OV,AX182822,,,08240
240,Europe,Czech Republic,Cereal,Online,L,2/27/2014,317323625,3/24/2014,1967,205.7,117.11,404611.9,230355.37,174256.53,ESE2OB99U46D7U4,AX185851,Garrisonville,25% off on Cosmetics! Limited time offer.,44273
241,Europe,Liechtenstein,Household,Offline,L,7/25/2011,365560901,9/1/2011,6449,668.27,502.54,4309673.23,3240880.46,1068792.77,4OLEIOEDBIEV5FU,AX158594,,Free Shipping off on Snacks! Limited time offer.,53549
242,Sub-Saharan Africa,Seychelles ,Baby Food,Online,M,2/18/2016,349157369,4/5/2016,2279,255.28,159.42,581783.12,363318.18,218464.94,KFCZ8782UP1I1A3,AX161611,South Taylor,25% off on Baby Food! Limited time offer.,30227
243,Middle East and North Africa,Somalia,Baby Food,Online,L,1/24/2014,236911857,2/25/2014,6338,255.28,159.42,1617964.64,1010403.96,607560.68,RM6O06YY9S86EEO,AX128759,Doyleside,10% off on Vegetables! Limited time offer.,54270
244,Australia and Oceania,Solomon Islands,Personal Care,Offline,H,5/10/2015,517935693,6/16/2015,7536,81.73,56.67,615917.28,427065.12,188852.16,1RZ8WSJGRQO36A0,AX184876,Navarrostad,Free Shipping off on Cereal! Limited time offer.,09854
245,Sub-Saharan Africa,Uganda,Clothes,Offline,C,2/13/2012,851652705,3/27/2012,1816,109.28,35.84,198452.48,65085.44,133367.04,2S5HMK42OOUQT7U,AX136644,Dunnburgh,25% off on Clothes! Limited time offer.,96986
246,Sub-Saharan Africa,Equatorial Guinea,Cereal,Offline,M,9/7/2012,517799222,10/23/2012,7151,205.7,117.11,1470960.7,837453.61,633507.09,0R6QGVJ6SBMHF7C,AX111432,Lake Donna,10% off on Vegetables! Limited time offer.,49173
247,Central America and the Caribbean,Costa Rica,Office Supplies,Offline,C,2/4/2015,666424071,3/4/2015,8547,651.21,524.96,5565891.87,4486833.12,1079058.75,S9OKTMQG3W5HYPT,AX196872,North Nicholas,25% off on Fruits! Limited time offer.,79462
248,Europe,Moldova ,Fruits,Offline,C,11/16/2010,267888581,12/22/2010,3039,9.33,6.92,28353.87,21029.88,7323.99,H8WSASPKYPR2K67,AX191747,Chavezfort,,71501
249,Sub-Saharan Africa,Burkina Faso,Vegetables,Online,L,7/20/2011,162866580,7/26/2011,4695,154.06,90.93,723311.7,426916.35,296395.35,UT2O2Y7D8UXM943,AX167162,Martinezshire,25% off on Cosmetics! Limited time offer.,21668
250,Central America and the Caribbean,Guatemala,Beverages,Offline,H,7/26/2014,812344396,8/30/2014,9614,47.45,31.79,456184.3,305629.06,150555.24,YBIZTAT8JOXWL3N,AX199299,Eileenhaven,10% off on Meat! Limited time offer.,18679
251,Sub-Saharan Africa,Swaziland,Meat,Online,M,8/24/2014,947620856,9/3/2014,924,421.89,364.69,389826.36,336973.56,52852.8,PS15KA1P0XC2HD2,AX182233,West Richardbury,25% off on Vegetables! Limited time offer.,95514
252,Asia,Maldives,Vegetables,Online,H,2/25/2015,720307290,3/28/2015,3789,154.06,90.93,583733.34,344533.77,239199.57,WBA6YSVVRSTQWMZ,AX130188,Kristinachester,10% off on Personal Care! Limited time offer.,89226
253,Asia,Thailand,Household,Online,H,9/21/2016,352327525,10/27/2016,399,668.27,502.54,266639.73,200513.46,66126.27,XB5U8ID7AXP8HA1,AX176136,West Kathleen,25% off on Beverages! Limited time offer.,43252
254,Sub-Saharan Africa,Sudan,Household,Online,C,6/28/2013,585917890,7/23/2013,4979,668.27,502.54,3327316.33,2502146.66,825169.67,IZ2JFBCZPKAP7EN,AX160893,Bellside,10% off on Vegetables! Limited time offer.,62449
255,Central America and the Caribbean,Costa Rica,Meat,Offline,L,1/5/2012,433627212,2/13/2012,8783,421.89,364.69,3705459.87,3203072.27,502387.6,0LX4H9538MPRT23,AX132510,,Buy 1 Get 1 off on Vegetables! Limited time offer.,
256,Europe,Denmark,Beverages,Online,C,5/1/2012,328316819,5/30/2012,5098,47.45,31.79,241900.1,162065.42,79834.68,4XLWVL9ZVM7TAOT,AX191396,Williamsside,10% off on Meat! Limited time offer.,95231
257,Sub-Saharan Africa,Angola,Cereal,Offline,C,10/13/2011,773160541,11/21/2011,4240,205.7,117.11,872168.0,496546.4,375621.6,N8RXXZK42P4I4YW,AX171101,North Denisefort,Free Shipping off on Clothes! Limited time offer.,76989
258,Australia and Oceania,Papua New Guinea,Household,Online,M,4/27/2016,991644704,5/18/2016,8559,668.27,502.54,5719722.93,4301239.86,1418483.07,TNWNZHQE9ET40XY,AX168710,Port Kimshire,Buy 1 Get 1 off on Office Supplies! Limited time offer.,24888
259,Asia,North Korea,Meat,Online,M,1/19/2014,277568137,2/7/2014,7435,421.89,364.69,3136752.15,2711470.15,425282.0,QTTAW1AXVXVDOYM,AX178733,Martinhaven,25% off on Office Supplies! Limited time offer.,
260,Central America and the Caribbean,El Salvador,Fruits,Online,C,11/6/2016,245042169,12/15/2016,2278,9.33,6.92,21253.74,15763.76,5489.98,YU590LBZ9R66BA4,AX174303,South Kerrytown,Free Shipping off on Personal Care! Limited time offer.,89210
261,Sub-Saharan Africa,Burkina Faso,Household,Online,M,2/28/2011,778490626,3/24/2011,1531,668.27,502.54,1023121.37,769388.74,253732.63,DDIB91YR2UNLVCD,AX103467,Mooreview,,15649
262,Middle East and North Africa,Yemen,Baby Food,Online,C,10/11/2014,482649838,11/13/2014,5668,255.28,159.42,1446927.04,903592.56,543334.48,1BV7OHO0VX0R74Y,AX106584,Davidsonshire,25% off on Cosmetics! Limited time offer.,05429
263,Sub-Saharan Africa,Republic of the Congo,Beverages,Online,L,6/25/2012,732568633,7/5/2012,2193,47.45,31.79,104057.85,69715.47,34342.38,EUYU13BPHCJ384W,AX179891,North Aaronmouth,10% off on Meat! Limited time offer.,
264,Europe,Andorra,Household,Online,M,11/6/2012,723608338,11/23/2012,642,668.27,502.54,429029.34,322630.68,106398.66,MP3ZCYKZ1L7BG87,AX100459,Lake Meganview,25% off on Fruits! Limited time offer.,10603
265,Central America and the Caribbean,Dominican Republic,Household,Offline,H,2/24/2014,621442782,4/14/2014,7584,668.27,502.54,5068159.68,3811263.36,1256896.32,1K6510ULHI19666,AX107881,Port Crystal,Free Shipping off on Baby Food! Limited time offer.,11554
266,Middle East and North Africa,Israel,Baby Food,Offline,M,9/19/2015,212058293,10/6/2015,1616,255.28,159.42,412532.48,257622.72,154909.76,O0TR8G2HE4JOWG6,AX191264,,25% off on Personal Care! Limited time offer.,68515
267,Australia and Oceania,Solomon Islands,Snacks,Offline,L,3/4/2014,251753699,3/24/2014,8369,152.58,97.44,1276942.02,815475.36,461466.66,LJ78YY0ALOGV3S8,AX152064,North Patriciamouth,Buy 1 Get 1 off on Meat! Limited time offer.,26588
268,Sub-Saharan Africa,Liberia,Fruits,Online,M,10/8/2014,217140328,10/30/2014,5503,9.33,6.92,51342.99,38080.76,13262.23,5IMPT7UNDRIHQJ7,AX127673,South Emilychester,10% off on Cosmetics! Limited time offer.,67198
269,Sub-Saharan Africa,Mali,Vegetables,Online,C,6/19/2012,555142009,7/10/2012,7712,154.06,90.93,1188110.72,701252.16,486858.56,1LHV2E680GQ5Q34,AX100735,Connerborough,25% off on Snacks! Limited time offer.,
270,Asia,Uzbekistan,Clothes,Online,C,11/11/2010,432995069,12/13/2010,1718,109.28,35.84,187743.04,61573.12,126169.92,U998VGM1DKMWGBF,AX154468,North Sonyaberg,Free Shipping off on Meat! Limited time offer.,05848
271,Middle East and North Africa,Tunisia ,Personal Care,Offline,H,11/1/2010,888248336,11/7/2010,1276,81.73,56.67,104287.48,72310.92,31976.56,LMIHKROQ83GX8BM,AX174733,Port Gregoryborough,,34670
272,Europe,Vatican City,Vegetables,Online,C,4/28/2014,778763139,5/9/2014,2173,154.06,90.93,334772.38,197590.89,137181.49,AGCK5GYO6GD061P,AX193189,Rodneychester,10% off on Beverages! Limited time offer.,41865
273,Sub-Saharan Africa,Djibouti,Snacks,Offline,H,12/22/2012,832713305,2/9/2013,7227,152.58,97.44,1102695.66,704198.88,398496.78,7YFOV1R8XR8X78T,AX183510,East Shannon,,75373
274,Europe,Ukraine,Household,Offline,M,8/25/2014,498585164,9/29/2014,1285,668.27,502.54,858726.95,645763.9,212963.05,AG07DNLTGOBUN1M,AX177887,Samanthabury,Buy 1 Get 1 off on Fruits! Limited time offer.,30530
275,Australia and Oceania,East Timor,Fruits,Offline,M,11/26/2016,195177543,12/23/2016,6227,9.33,6.92,58097.91,43090.84,15007.07,GK2E61WNAK05JBK,AX163448,,,66834
276,Sub-Saharan Africa,Uganda,Cereal,Online,C,10/20/2010,861601769,12/2/2010,5965,205.7,117.11,1227000.5,698561.15,528439.35,JCA5MLZTEBP7XMP,AX146487,East Phillip,25% off on Clothes! Limited time offer.,63505
277,Sub-Saharan Africa,Guinea,Meat,Online,H,12/18/2014,807281672,1/26/2015,1441,421.89,364.69,607943.49,525518.29,82425.2,3LGJ5NKJDKE9MF0,AX141740,,Buy 1 Get 1 off on Snacks! Limited time offer.,
278,Sub-Saharan Africa,Equatorial Guinea,Clothes,Offline,H,3/20/2011,661953580,4/24/2011,5629,109.28,35.84,615137.12,201743.36,413393.76,UDYXICZJNRFJEGA,AX104832,North Jessica,,75944
279,Europe,Malta,Cosmetics,Online,M,7/12/2016,225666320,8/21/2016,8534,437.2,263.33,3731064.8,2247258.22,1483806.58,ZCKT1Q0ADM72X7L,AX164875,Vasqueztown,25% off on Cereal! Limited time offer.,31509
280,Europe,Cyprus,Household,Offline,L,1/26/2011,718781220,2/19/2011,2191,668.27,502.54,1464179.57,1101065.14,363114.43,FS9QAC6S7VWS9FP,AX131027,New Daniel,Buy 1 Get 1 off on Office Supplies! Limited time offer.,46540
281,Europe,Czech Republic,Office Supplies,Online,L,2/24/2010,731972110,4/15/2010,5668,651.21,524.96,3691058.28,2975473.28,715585.0,7EPVAJC5ROKTCLW,AX130958,New Melissa,,34535
282,Middle East and North Africa,Libya,Vegetables,Online,C,1/2/2015,276225316,2/9/2015,64,154.06,90.93,9859.84,5819.52,4040.32,II4J6ME7P7PPHJW,AX147922,East Charlenechester,Buy 1 Get 1 off on Baby Food! Limited time offer.,54481
283,Asia,Vietnam,Office Supplies,Offline,C,7/26/2016,332839667,7/27/2016,3509,651.21,524.96,2285095.89,1842084.64,443011.25,KM1F14SITKQ198L,AX137803,West Mary,Free Shipping off on Snacks! Limited time offer.,67221
284,Middle East and North Africa,Jordan,Vegetables,Online,C,6/1/2014,603426492,6/15/2014,6163,154.06,90.93,949471.78,560401.59,389070.19,SN44GV5B9EX3VJW,AX104288,,Buy 1 Get 1 off on Clothes! Limited time offer.,11098
285,Sub-Saharan Africa,Mali,Beverages,Offline,H,12/21/2012,859909617,1/29/2013,5220,47.45,31.79,247689.0,165943.8,81745.2,G31WMY30MX9DOW6,AX188095,Aaronhaven,Buy 1 Get 1 off on Cereal! Limited time offer.,80184
286,Europe,Czech Republic,Household,Online,L,2/27/2010,494525372,3/2/2010,9902,668.27,502.54,6617209.54,4976151.08,1641058.46,6TD6B7S3PK4TROX,AX169050,West Danielside,Free Shipping off on Household! Limited time offer.,57563
287,Europe,Slovakia,Vegetables,Online,M,4/24/2016,769822585,5/15/2016,6465,154.06,90.93,995997.9,587862.45,408135.45,3K6TQ8UXRY8HU1U,AX148837,New Jeffrey,10% off on Fruits! Limited time offer.,06994
288,Sub-Saharan Africa,Zimbabwe,Vegetables,Offline,C,7/22/2012,768662583,8/10/2012,3195,154.06,90.93,492221.7,290521.35,201700.35,6AJV5MQR1VFEAK4,AX180655,Angelaton,25% off on Snacks! Limited time offer.,52848
289,Central America and the Caribbean,Honduras,Cereal,Online,M,2/22/2015,544219195,3/9/2015,5409,205.7,117.11,1112631.3,633447.99,479183.31,IXWWPHIR9DNHZO8,AX190032,Joshuamouth,Buy 1 Get 1 off on Baby Food! Limited time offer.,27438
290,Europe,Switzerland,Beverages,Offline,L,2/10/2011,669978749,3/20/2011,455,47.45,31.79,21589.75,14464.45,7125.3,L5XQJ96AJ50PE3Y,AX179564,Davidshire,Buy 1 Get 1 off on Office Supplies! Limited time offer.,30340
291,Sub-Saharan Africa,South Africa,Cosmetics,Offline,L,1/21/2015,889740073,1/26/2015,2715,437.2,263.33,1186998.0,714940.95,472057.05,O7HBBVN465TH1TG,AX174317,Port Richardfort,,31579
292,Sub-Saharan Africa,Uganda,Beverages,Online,M,5/10/2012,567614495,6/28/2012,8598,47.45,31.79,407975.1,273330.42,134644.68,OS1QUKYY733V5FG,AX176226,North Randallfort,10% off on Meat! Limited time offer.,
293,Middle East and North Africa,Iran,Vegetables,Offline,M,12/16/2015,938025844,1/21/2016,1547,154.06,90.93,238330.82,140668.71,97662.11,1B938H0DOYWWDFZ,AX109105,Lake Alyssa,10% off on Household! Limited time offer.,37348
294,Middle East and North Africa,Algeria,Vegetables,Online,C,2/25/2017,155710446,2/25/2017,7036,154.06,90.93,1083966.16,639783.48,444182.68,2CO0DPQ5L9MGAPU,AX113183,Sandrastad,Free Shipping off on Cereal! Limited time offer.,46412
295,Sub-Saharan Africa,Central African Republic,Baby Food,Online,L,1/31/2012,945717132,2/13/2012,7570,255.28,159.42,1932469.6,1206809.4,725660.2,NZLAF5O7CK8PZK5,AX145414,,Buy 1 Get 1 off on Meat! Limited time offer.,54506
296,Central America and the Caribbean,The Bahamas,Cosmetics,Offline,C,2/7/2013,253407227,2/15/2013,7685,437.2,263.33,3359882.0,2023691.05,1336190.95,STI4UZ0L0YO204C,AX142141,North Breannafort,,24520
297,Sub-Saharan Africa,South Africa,Household,Offline,H,9/14/2014,494454562,9/22/2014,8948,668.27,502.54,5979679.96,4496727.92,1482952.04,9OVHHU04SVYQCB1,AX198954,North Alexis,10% off on Beverages! Limited time offer.,85299
298,Sub-Saharan Africa,Benin,Cereal,Online,M,6/5/2012,104845464,7/24/2012,4957,205.7,117.11,1019654.9,580514.27,439140.63,1G91B2NWG0YUVO1,AX100053,Careyfurt,Free Shipping off on Baby Food! Limited time offer.,02484
299,Europe,Hungary,Cosmetics,Online,M,4/5/2014,290878760,4/7/2014,6344,437.2,263.33,2773596.8,1670565.52,1103031.28,NQDL2PJZG8AT202,AX118733,Martinchester,Buy 1 Get 1 off on Cosmetics! Limited time offer.,09286
300,Europe,Austria,Office Supplies,Offline,C,2/2/2014,979165780,2/10/2014,5768,651.21,524.96,3756179.28,3027969.28,728210.0,IDH2NI9L7RDJ0CV,AX175694,North Lori,25% off on Office Supplies! Limited time offer.,45059
301,Asia,Tajikistan,Office Supplies,Offline,C,9/1/2010,366630351,10/12/2010,2923,651.21,524.96,1903486.83,1534458.08,369028.75,E5CZ1BYQNIKBGS4,AX107716,Michaelchester,Free Shipping off on Cereal! Limited time offer.,51310
302,Europe,Portugal,Office Supplies,Online,C,5/17/2011,770508801,6/25/2011,9532,651.21,524.96,6207333.72,5003918.72,1203415.0,9X6QMITBNF001C4,AX129913,Hollyview,Buy 1 Get 1 off on Cereal! Limited time offer.,11720
303,Europe,Belgium,Beverages,Offline,M,4/21/2013,978349959,5/21/2013,4349,47.45,31.79,206360.05,138254.71,68105.34,BQV1WS6M7ZA6AQC,AX195164,,Buy 1 Get 1 off on Snacks! Limited time offer.,06575
304,Europe,Slovenia,Beverages,Offline,L,8/10/2014,298015153,8/14/2014,8161,47.45,31.79,387239.45,259438.19,127801.26,F2JTRNRET4X5H9Y,AX122240,Port Lauren,10% off on Vegetables! Limited time offer.,02645
305,Europe,Czech Republic,Snacks,Online,M,9/19/2010,807678210,10/30/2010,8786,152.58,97.44,1340567.88,856107.84,484460.04,OI4MVQHZY6UGFJJ,AX119004,Christopherstad,10% off on Snacks! Limited time offer.,
306,Australia and Oceania,Marshall Islands,Personal Care,Offline,C,4/13/2013,605825459,5/14/2013,6071,81.73,56.67,496182.83,344043.57,152139.26,E6MH8WEPMG0ILY6,AX164949,Wolfland,Free Shipping off on Vegetables! Limited time offer.,98764
307,Sub-Saharan Africa,Sudan,Fruits,Online,C,1/28/2016,561255729,2/1/2016,6897,9.33,6.92,64349.01,47727.24,16621.77,SQMDERATLPT9GVC,AX168149,East Dustin,Buy 1 Get 1 off on Personal Care! Limited time offer.,57996
308,Central America and the Caribbean,Dominican Republic,Clothes,Online,H,12/9/2013,263080346,12/14/2013,175,109.28,35.84,19124.0,6272.0,12852.0,BUB1AC3UXQ7RD6R,AX126314,North Aaronville,25% off on Vegetables! Limited time offer.,35727
309,Sub-Saharan Africa,Tanzania,Cereal,Offline,C,2/21/2014,270723140,3/9/2014,1848,205.7,117.11,380133.6,216419.28,163714.32,HZG7FZSRNY3Y53R,AX165607,Lake Heather,Buy 1 Get 1 off on Cosmetics! Limited time offer.,06005
310,Europe,Switzerland,Clothes,Offline,H,6/9/2017,763920438,7/10/2017,9888,109.28,35.84,1080560.64,354385.92,726174.72,WM38EEVVMQ37RGQ,AX176851,Lake Laurafort,Buy 1 Get 1 off on Cosmetics! Limited time offer.,75334
311,North America,Greenland,Household,Online,L,4/17/2014,192721068,5/20/2014,9302,668.27,502.54,6216247.54,4674627.08,1541620.46,HH4QOZFSEKAPZGF,AX162244,Haleyberg,Buy 1 Get 1 off on Personal Care! Limited time offer.,49814
312,Australia and Oceania,Tonga,Fruits,Offline,L,5/20/2011,227486360,6/8/2011,7124,9.33,6.92,66466.92,49298.08,17168.84,FNC1B6JJV8QDBKC,AX192026,Rodriguezfurt,25% off on Fruits! Limited time offer.,
313,Middle East and North Africa,Saudi Arabia,Vegetables,Online,M,8/28/2012,808890140,9/22/2012,7422,154.06,90.93,1143433.32,674882.46,468550.86,HSHGQITVCUMRD5G,AX110520,Brownhaven,25% off on Snacks! Limited time offer.,25533
314,Central America and the Caribbean,Belize,Cosmetics,Offline,C,7/25/2015,597918736,9/11/2015,6296,437.2,263.33,2752611.2,1657925.68,1094685.52,GLUB76SVO15KRPK,AX141668,,Free Shipping off on Office Supplies! Limited time offer.,13162
315,Sub-Saharan Africa,Angola,Cosmetics,Online,H,10/27/2014,125870978,11/20/2014,6874,437.2,263.33,3005312.8,1810130.42,1195182.38,7X9L1VFZ00JHSWX,AX156775,Gregoryport,10% off on Meat! Limited time offer.,42023
316,Asia,Malaysia,Household,Online,H,10/18/2013,444358193,10/21/2013,4319,668.27,502.54,2886258.13,2170470.26,715787.87,ZPKOBJAA9BDTUCZ,AX194647,Port Bradleyhaven,Buy 1 Get 1 off on Cosmetics! Limited time offer.,07543
317,Sub-Saharan Africa,Ethiopia,Beverages,Online,C,2/15/2013,875304210,3/12/2013,822,47.45,31.79,39003.9,26131.38,12872.52,OXN3CGCK0C3D33D,AX152263,,25% off on Household! Limited time offer.,30428
318,North America,Greenland,Baby Food,Offline,C,7/8/2014,360945355,8/16/2014,607,255.28,159.42,154954.96,96767.94,58187.02,1BJBXHOYFL48QVI,AX173731,,Free Shipping off on Fruits! Limited time offer.,08643
319,Sub-Saharan Africa,Benin,Cereal,Offline,C,12/12/2016,613830459,1/16/2017,4928,205.7,117.11,1013689.6,577118.08,436571.52,5FRKMWVC73XJA02,AX153028,New Michael,Buy 1 Get 1 off on Cosmetics! Limited time offer.,42198
320,Middle East and North Africa,Yemen,Cereal,Offline,H,11/24/2012,266820847,12/10/2012,7073,205.7,117.11,1454916.1,828319.03,626597.07,3YO3W11XFHHBR6I,AX167717,Simmonstown,Buy 1 Get 1 off on Meat! Limited time offer.,
321,Sub-Saharan Africa,Rwanda,Baby Food,Offline,M,11/3/2014,723090350,11/27/2014,7358,255.28,159.42,1878350.24,1173012.36,705337.88,0WMXB1RXSEPX9JM,AX192429,Davidburgh,25% off on Vegetables! Limited time offer.,
322,Sub-Saharan Africa,Mauritania,Meat,Offline,M,8/3/2013,306125295,8/15/2013,8132,421.89,364.69,3430809.48,2965659.08,465150.4,AE9EHZ69FUPB1DR,AX124930,Stewartmouth,Free Shipping off on Household! Limited time offer.,28696
323,Australia and Oceania,New Zealand,Personal Care,Online,L,5/23/2012,109724509,6/16/2012,8775,81.73,56.67,717180.75,497279.25,219901.5,XTIEIA3NVNFGY0X,AX127217,South Feliciachester,10% off on Beverages! Limited time offer.,37943
324,Australia and Oceania,Samoa ,Clothes,Offline,M,7/22/2015,847999322,8/6/2015,699,109.28,35.84,76386.72,25052.16,51334.56,R1YU1FZW6AWLML7,AX189437,Benitezside,Buy 1 Get 1 off on Household! Limited time offer.,05227
325,Australia and Oceania,Fiji,Clothes,Online,H,2/1/2017,605373561,3/2/2017,2344,109.28,35.84,256152.32,84008.96,172143.36,XX1GKMGU8GM43SF,AX189765,West Paul,10% off on Cereal! Limited time offer.,
326,Sub-Saharan Africa,Malawi,Beverages,Online,H,1/28/2012,686583554,2/22/2012,4186,47.45,31.79,198625.7,133072.94,65552.76,MTJ2O9PVV1YNMKD,AX150122,,Free Shipping off on Office Supplies! Limited time offer.,59876
327,Australia and Oceania,Marshall Islands,Beverages,Offline,M,8/3/2015,666678130,9/21/2015,3729,47.45,31.79,176941.05,118544.91,58396.14,4V7G1OTJONXYCSE,AX134987,East Brandonbury,Buy 1 Get 1 off on Personal Care! Limited time offer.,32272
328,Central America and the Caribbean,Grenada,Baby Food,Online,M,6/23/2013,641018617,6/30/2013,508,255.28,159.42,129682.24,80985.36,48696.88,5A0PEWHZPLPL5NZ,AX113924,Christianside,Free Shipping off on Office Supplies! Limited time offer.,48908
329,Europe,Luxembourg,Meat,Online,C,8/3/2011,775278842,9/22/2011,1093,421.89,364.69,461125.77,398606.17,62519.6,MP6AVQCI60HBCIM,AX155170,Adamsland,,
330,Sub-Saharan Africa,Zimbabwe,Meat,Offline,M,10/30/2016,855445134,12/6/2016,4080,421.89,364.69,1721311.2,1487935.2,233376.0,LSHQL7GCJVON4Q3,AX132447,South Davidberg,Free Shipping off on Fruits! Limited time offer.,95971
331,Asia,China,Vegetables,Online,H,9/5/2010,737816321,9/21/2010,5100,154.06,90.93,785706.0,463743.0,321963.0,CFZP27RUZXERKM4,AX116274,Princeton,25% off on Cereal! Limited time offer.,81875
332,North America,United States of America,Beverages,Online,L,7/13/2013,799003732,7/14/2013,1815,47.45,31.79,86121.75,57698.85,28422.9,2ZU5E4STO167GOT,AX133888,Michaelmouth,Free Shipping off on Beverages! Limited time offer.,55773
333,Sub-Saharan Africa,Central African Republic,Vegetables,Online,L,10/9/2012,585931193,11/21/2012,8916,154.06,90.93,1373598.96,810731.88,562867.08,3R6B605JQ6DRTKW,AX105404,Stevensfort,Free Shipping off on Vegetables! Limited time offer.,75257
334,Central America and the Caribbean,Antigua and Barbuda ,Vegetables,Online,M,1/3/2012,165835034,1/5/2012,3127,154.06,90.93,481745.62,284338.11,197407.51,IWL5OB56UDQEW0R,AX140219,Lake Sean,,46532
335,Central America and the Caribbean,Guatemala,Baby Food,Offline,H,2/8/2012,576264083,3/14/2012,8203,255.28,159.42,2094061.84,1307722.26,786339.58,5483FLXO5LY8861,AX147461,East Michael,,04484
336,Middle East and North Africa,Qatar,Clothes,Offline,L,1/3/2015,675079667,1/7/2015,9930,109.28,35.84,1085150.4,355891.2,729259.2,0TS8HL9DMM0B7EM,AX147872,Faulknerberg,10% off on Meat! Limited time offer.,29977
337,Middle East and North Africa,Israel,Personal Care,Online,L,5/13/2012,290455615,5/28/2012,1126,81.73,56.67,92027.98,63810.42,28217.56,DRW31KAC35IXOIQ,AX135726,North Jeffreyborough,,18056
338,Asia,Thailand,Snacks,Offline,L,1/13/2012,670878255,2/15/2012,6639,152.58,97.44,1012978.62,646904.16,366074.46,5QF2I9N7DYMOLIC,AX171721,Howeborough,Free Shipping off on Meat! Limited time offer.,81489
339,Asia,Singapore,Cereal,Online,M,7/30/2011,435146415,8/12/2011,8349,205.7,117.11,1717389.3,977751.39,739637.91,DDV844ZX3JPV8VS,AX110525,,Free Shipping off on Personal Care! Limited time offer.,17447
340,Asia,North Korea,Snacks,Online,C,3/13/2017,522371423,4/8/2017,167,152.58,97.44,25480.86,16272.48,9208.38,3EN2N8E9A3AROXD,AX173766,Wyattfort,10% off on Vegetables! Limited time offer.,77396
341,Europe,Austria,Office Supplies,Online,L,3/23/2017,141977107,4/18/2017,3036,651.21,524.96,1977073.56,1593778.56,383295.0,1CBMJH848QBAACS,AX162267,North Valerie,25% off on Cereal! Limited time offer.,44107
342,Asia,Japan,Baby Food,Offline,L,3/16/2016,823699796,4/19/2016,9929,255.28,159.42,2534675.12,1582881.18,951793.94,BLRYFAVQ7L21FEU,AX166953,East Ashley,25% off on Vegetables! Limited time offer.,53542
343,Sub-Saharan Africa,Zimbabwe,Beverages,Offline,L,12/18/2015,567588317,12/26/2015,851,47.45,31.79,40379.95,27053.29,13326.66,YY7B5Z9H745QX2H,AX122999,North Kimberly,Buy 1 Get 1 off on Personal Care! Limited time offer.,
344,Europe,Lithuania,Fruits,Offline,H,10/25/2011,594003999,11/16/2011,7838,9.33,6.92,73128.54,54238.96,18889.58,O4DHJWLDCT5QLMI,AX105321,New Michaelshire,25% off on Office Supplies! Limited time offer.,48273
345,Europe,Luxembourg,Baby Food,Offline,H,6/30/2011,393620669,8/2/2011,9958,255.28,159.42,2542078.24,1587504.36,954573.88,91BEW59UGYJH73K,AX167764,Patelfurt,,91992
346,Sub-Saharan Africa,Central African Republic,Cosmetics,Offline,H,3/27/2016,877424657,4/10/2016,8309,437.2,263.33,3632694.8,2188008.97,1444685.83,N2TMXVI79L14V45,AX124136,Rubioland,Buy 1 Get 1 off on Office Supplies! Limited time offer.,
347,Europe,Norway,Household,Offline,M,12/23/2016,326714789,1/21/2017,1021,668.27,502.54,682303.67,513093.34,169210.33,QRZYZMR9M87FC24,AX172040,,Buy 1 Get 1 off on Clothes! Limited time offer.,70586
348,Sub-Saharan Africa,Democratic Republic of the Congo,Fruits,Offline,M,4/18/2013,243102395,4/18/2013,8256,9.33,6.92,77028.48,57131.52,19896.96,HGO1BV5WEKCSETE,AX145527,Greeneberg,25% off on Fruits! Limited time offer.,23419
349,Australia and Oceania,New Zealand,Household,Offline,L,3/8/2017,398511302,4/20/2017,7205,668.27,502.54,4814885.35,3620800.7,1194084.65,9VFGKYT5A2C1H3X,AX164409,New Juan,Free Shipping off on Beverages! Limited time offer.,13716
350,Europe,Ukraine,Personal Care,Offline,M,6/3/2011,185177838,7/4/2011,7092,81.73,56.67,579629.16,401903.64,177725.52,94Y3HPQMSMHVC79,AX162116,North Brianna,25% off on Baby Food! Limited time offer.,31846
351,Asia,Taiwan,Personal Care,Offline,H,11/30/2013,865650832,12/31/2013,4173,81.73,56.67,341059.29,236483.91,104575.38,N9PMQHB8AVJV84J,AX155752,North Deborahbury,Buy 1 Get 1 off on Household! Limited time offer.,33351
352,Europe,Italy,Cereal,Offline,C,5/11/2013,622791612,5/31/2013,6733,205.7,117.11,1384978.1,788501.63,596476.47,MV4JY4AJX2W4PDL,AX131492,Walshside,10% off on Meat! Limited time offer.,58181
353,Europe,Finland,Personal Care,Online,L,11/13/2010,409774005,11/27/2010,89,81.73,56.67,7273.97,5043.63,2230.34,E09J21M8J4NXCNC,AX140184,Sarahchester,10% off on Personal Care! Limited time offer.,64383
354,Sub-Saharan Africa,Sudan,Office Supplies,Online,H,3/9/2016,800084340,4/21/2016,1591,651.21,524.96,1036075.11,835211.36,200863.75,BMB0833NYEQMBS1,AX103674,Lanefurt,Free Shipping off on Beverages! Limited time offer.,59570
355,Europe,Croatia,Snacks,Offline,M,8/19/2013,637521445,9/12/2013,5618,152.58,97.44,857194.44,547417.92,309776.52,H1Y7PIZWOSMHGY6,AX136516,Lesterstad,Free Shipping off on Cereal! Limited time offer.,61637
356,Sub-Saharan Africa,Mauritania,Beverages,Online,L,4/19/2011,186196649,5/28/2011,8581,47.45,31.79,407168.45,272789.99,134378.46,V0WAPOH8ANPRK2A,AX185535,South Adam,Free Shipping off on Meat! Limited time offer.,31879
357,Australia and Oceania,New Zealand,Baby Food,Offline,L,7/20/2014,680533778,7/25/2014,3923,255.28,159.42,1001463.44,625404.66,376058.78,ID3LJSPL6LOO79V,AX158094,East Teresa,Buy 1 Get 1 off on Snacks! Limited time offer.,37237
358,Middle East and North Africa,Pakistan,Beverages,Online,L,9/8/2014,275269162,9/15/2014,7117,47.45,31.79,337701.65,226249.43,111452.22,3JNLAT5XUWOFS9Z,AX111496,Porterland,25% off on Baby Food! Limited time offer.,43346
359,Europe,Poland,Household,Online,C,6/4/2015,795451629,6/19/2015,668,668.27,502.54,446404.36,335696.72,110707.64,O3QO289IJHNUPML,AX173362,East Michaelchester,Buy 1 Get 1 off on Beverages! Limited time offer.,17806
360,Europe,Lithuania,Cereal,Offline,M,12/19/2013,986442506,1/1/2014,9113,205.7,117.11,1874544.1,1067223.43,807320.67,U3VR0YFQECWKTWC,AX174397,Whitemouth,,
361,Middle East and North Africa,Pakistan,Cereal,Offline,M,5/18/2012,563915622,6/10/2012,4019,205.7,117.11,826708.3,470665.09,356043.21,C337LPWD12ITOUY,AX142382,North Kimberlyberg,Buy 1 Get 1 off on Cosmetics! Limited time offer.,28937
362,Australia and Oceania,East Timor,Cosmetics,Offline,C,10/12/2013,663857305,11/13/2013,8984,437.2,263.33,3927804.8,2365756.72,1562048.08,KOMQDSVD6TNHH3D,AX134288,Clementsfurt,,99412
363,Australia and Oceania,Marshall Islands,Fruits,Online,L,1/2/2011,692566382,1/14/2011,4638,9.33,6.92,43272.54,32094.96,11177.58,3RM2QFUE4V3CYEE,AX104005,Jefferyfort,,73055
364,Central America and the Caribbean,Cuba,Household,Offline,L,2/2/2013,576654183,2/3/2013,3642,668.27,502.54,2433839.34,1830250.68,603588.66,UM3QXI96VMKYVQI,AX191635,Drewtown,,21575
365,North America,Greenland,Baby Food,Offline,H,3/19/2011,313044536,4/14/2011,5689,255.28,159.42,1452287.92,906940.38,545347.54,2SLEER502CFKOMB,AX129979,,Free Shipping off on Meat! Limited time offer.,43663
366,Europe,Luxembourg,Personal Care,Offline,C,10/3/2012,418973767,10/27/2012,2503,81.73,56.67,204570.19,141845.01,62725.18,NBYWQ8Q30GUXT1H,AX113596,Jensenmouth,10% off on Fruits! Limited time offer.,57345
367,Middle East and North Africa,Israel,Beverages,Online,C,10/23/2014,581990706,11/15/2014,2838,47.45,31.79,134663.1,90220.02,44443.08,0ZLKDJDNYG8RHSG,AX172399,Obrienchester,Free Shipping off on Household! Limited time offer.,21118
368,Sub-Saharan Africa,Djibouti,Baby Food,Online,H,7/12/2015,109956681,7/24/2015,7480,255.28,159.42,1909494.4,1192461.6,717032.8,LGSFM37SZOO8678,AX115595,Johnsonport,10% off on Baby Food! Limited time offer.,
369,Europe,Bulgaria,Cereal,Online,L,5/6/2010,181045520,5/27/2010,4247,205.7,117.11,873607.9,497366.17,376241.73,YWDT25PBGKOYETP,AX145679,North Raymond,10% off on Beverages! Limited time offer.,61805
370,Asia,Mongolia,Vegetables,Online,C,11/27/2010,693743550,1/9/2011,2988,154.06,90.93,460331.28,271698.84,188632.44,EDHPKYVCKE7SCVT,AX157110,New Kaitlyn,Buy 1 Get 1 off on Beverages! Limited time offer.,20773
371,Central America and the Caribbean,Dominican Republic,Clothes,Offline,L,12/26/2010,716849601,12/31/2010,582,109.28,35.84,63600.96,20858.88,42742.08,4GYEWGQCQZNVINC,AX106634,Scottshire,10% off on Clothes! Limited time offer.,93276
372,Middle East and North Africa,Yemen,Cosmetics,Online,L,12/30/2012,739474999,1/1/2013,5940,437.2,263.33,2596968.0,1564180.2,1032787.8,K07T5CX0M5I511F,AX131653,,10% off on Baby Food! Limited time offer.,
373,Australia and Oceania,Federated States of Micronesia,Personal Care,Online,M,8/21/2016,421043574,9/7/2016,5005,81.73,56.67,409058.65,283633.35,125425.3,4E6AHUZRLVQS8ZO,AX158919,Port Dakota,10% off on Baby Food! Limited time offer.,62796
374,Europe,Finland,Personal Care,Online,M,2/3/2015,841291654,3/20/2015,5751,81.73,56.67,470029.23,325909.17,144120.06,OR141G0UGU3KXMN,AX180835,Lake Charles,10% off on Cereal! Limited time offer.,95708
375,Central America and the Caribbean,The Bahamas,Cereal,Offline,L,12/19/2013,450268065,1/4/2014,3181,205.7,117.11,654331.7,372526.91,281804.79,8ZDUQOY5OGINWAD,AX132002,,Buy 1 Get 1 off on Personal Care! Limited time offer.,61280
376,Central America and the Caribbean,Grenada,Meat,Online,L,5/12/2012,918334138,6/12/2012,4334,421.89,364.69,1828471.26,1580566.46,247904.8,J8WMA2EB69FKAI3,AX149243,Sandersborough,Free Shipping off on Beverages! Limited time offer.,43776
377,Sub-Saharan Africa,Sao Tome and Principe,Meat,Offline,M,3/28/2014,386163699,4/19/2014,3275,421.89,364.69,1381689.75,1194359.75,187330.0,K0BVEUM2LX41OLL,AX137550,,Free Shipping off on Fruits! Limited time offer.,74107
378,Central America and the Caribbean,El Salvador,Personal Care,Offline,C,1/11/2017,214743077,2/18/2017,6103,81.73,56.67,498798.19,345857.01,152941.18,29MKNWPNO4D2IRM,AX155900,East Nicholasmouth,25% off on Beverages! Limited time offer.,09027
379,Europe,Sweden,Baby Food,Online,M,6/21/2015,935371100,7/6/2015,5949,255.28,159.42,1518660.72,948389.58,570271.14,M80Q3WWHO1MWS38,AX164742,West Michaelmouth,Free Shipping off on Beverages! Limited time offer.,35419
380,Asia,Turkmenistan,Cosmetics,Offline,H,11/29/2012,899659097,12/3/2012,7974,437.2,263.33,3486232.8,2099793.42,1386439.38,VXLB39FIM882TYP,AX157060,West Henry,,
381,Europe,Monaco,Vegetables,Online,H,1/1/2010,329530894,2/13/2010,4369,154.06,90.93,673088.14,397273.17,275814.97,9MEI91UTKY9CZGU,AX125893,Penaville,25% off on Baby Food! Limited time offer.,12525
382,Middle East and North Africa,Turkey,Meat,Online,H,1/6/2016,867222821,2/6/2016,9359,421.89,364.69,3948468.51,3413133.71,535334.8,RU3JIMBHAAYQJ3I,AX145381,,Buy 1 Get 1 off on Office Supplies! Limited time offer.,38878
383,Sub-Saharan Africa,Mozambique,Beverages,Online,M,10/14/2014,625283706,10/23/2014,4199,47.45,31.79,199242.55,133486.21,65756.34,5OPTYTMPA4EHF2A,AX178934,Adamstown,,73315
384,Middle East and North Africa,Yemen,Office Supplies,Offline,C,12/9/2013,936574876,1/9/2014,2173,651.21,524.96,1415079.33,1140738.08,274341.25,960N34J1HF3CW8M,AX181865,Tranhaven,10% off on Baby Food! Limited time offer.,40384
385,Asia,Philippines,Cereal,Offline,M,10/19/2010,504270160,11/25/2010,3601,205.7,117.11,740725.7,421713.11,319012.59,NVE9WUV5HZ5QTDR,AX169555,Kennethtown,Buy 1 Get 1 off on Personal Care! Limited time offer.,66373
386,Sub-Saharan Africa,Democratic Republic of the Congo,Personal Care,Offline,M,5/2/2011,351855885,6/2/2011,830,81.73,56.67,67835.9,47036.1,20799.8,C5XOSUQOT1YGATM,AX175246,West Joshuatown,25% off on Clothes! Limited time offer.,09597
387,Australia and Oceania,Fiji,Snacks,Online,H,3/17/2011,673130881,3/23/2011,3241,152.58,97.44,494511.78,315803.04,178708.74,32OFVHW78ER3LDX,AX145776,Port Kylefort,25% off on Fruits! Limited time offer.,26794
388,Europe,Macedonia,Office Supplies,Offline,H,9/24/2014,382206475,10/13/2014,2244,651.21,524.96,1461315.24,1178010.24,283305.0,BPC5YT6A5NPBF0Q,AX197556,Huntermouth,10% off on Cereal! Limited time offer.,41067
389,Middle East and North Africa,Tunisia ,Cereal,Online,H,12/1/2015,263506495,12/14/2015,6283,205.7,117.11,1292413.1,735802.13,556610.97,QEEG1EPSMQP4OCE,AX173305,Lake Karen,Free Shipping off on Household! Limited time offer.,07091
390,Europe,Liechtenstein,Cereal,Offline,L,6/2/2017,721767270,7/18/2017,5829,205.7,117.11,1199025.3,682634.19,516391.11,JOGUMFDHDEYXAYZ,AX162490,Alexamouth,Free Shipping off on Fruits! Limited time offer.,
391,Middle East and North Africa,Qatar,Cosmetics,Online,M,8/4/2011,432037627,8/18/2011,8390,437.2,263.33,3668108.0,2209338.7,1458769.3,DMTEOPMW3ENWV5G,AX197001,New Bryan,Free Shipping off on Fruits! Limited time offer.,
392,Australia and Oceania,Tonga,Meat,Offline,C,7/29/2014,389678895,8/24/2014,3499,421.89,364.69,1476193.11,1276050.31,200142.8,HZMP5RQ1M83FD5L,AX116889,Keithland,Buy 1 Get 1 off on Baby Food! Limited time offer.,02820
393,Europe,Belgium,Meat,Online,L,1/26/2017,760364902,2/24/2017,7726,421.89,364.69,3259522.14,2817594.94,441927.2,XVOU1JIXBKXDBZQ,AX182557,West Carolport,10% off on Office Supplies! Limited time offer.,37263
394,Sub-Saharan Africa,Chad,Fruits,Offline,C,11/5/2010,430081975,12/9/2010,9669,9.33,6.92,90211.77,66909.48,23302.29,1QKPPG9GSHNRUZ7,AX138549,New Coleview,Free Shipping off on Cereal! Limited time offer.,41601
395,Asia,Thailand,Baby Food,Online,H,3/26/2015,155128943,5/5/2015,4957,255.28,159.42,1265422.96,790244.94,475178.02,0HQJUK1Z31LVQG7,AX156181,Susanton,Free Shipping off on Cereal! Limited time offer.,
396,Europe,Iceland,Clothes,Offline,H,10/7/2012,312117135,10/16/2012,1251,109.28,35.84,136709.28,44835.84,91873.44,5WSQ0NC0VL1DUOK,AX109783,West George,Buy 1 Get 1 off on Personal Care! Limited time offer.,04633
397,Central America and the Caribbean,Saint Lucia,Meat,Offline,L,7/22/2013,447970378,9/2/2013,3245,421.89,364.69,1369033.05,1183419.05,185614.0,HTQZZK6PQ0NWVWR,AX153293,Keithville,10% off on Office Supplies! Limited time offer.,09273
398,Asia,Japan,Cosmetics,Offline,C,8/16/2013,629925000,8/18/2013,7661,437.2,263.33,3349389.2,2017371.13,1332018.07,NJ9E1NGU8M4PGMT,AX174712,Pattersonside,10% off on Clothes! Limited time offer.,04783
399,Asia,India,Personal Care,Offline,L,11/5/2013,995529830,12/17/2013,8254,81.73,56.67,674599.42,467754.18,206845.24,EEH3M3OBTGKQH12,AX117533,South Alexmouth,,
400,Australia and Oceania,Vanuatu,Office Supplies,Online,L,3/1/2016,402646195,3/28/2016,812,651.21,524.96,528782.52,426267.52,102515.0,2MY4KTHSX5A0T1W,AX158072,New Thomas,Free Shipping off on Vegetables! Limited time offer.,
401,Sub-Saharan Africa,Chad,Meat,Offline,M,3/25/2012,479447925,4/4/2012,8150,421.89,364.69,3438403.5,2972223.5,466180.0,C7H4XHL5C0SEES2,AX121957,Georgeborough,25% off on Snacks! Limited time offer.,62638
402,Sub-Saharan Africa,Malawi,Cosmetics,Offline,H,6/20/2017,674421346,6/29/2017,5118,437.2,263.33,2237589.6,1347722.94,889866.66,8ARWEV8UTWI33F5,AX171167,North Michael,10% off on Vegetables! Limited time offer.,84763
403,Europe,Finland,Cosmetics,Online,L,4/18/2014,506365287,5/16/2014,3596,437.2,263.33,1572171.2,946934.68,625236.52,B6GAG4ZQSVVN47J,AX146196,,Buy 1 Get 1 off on Household! Limited time offer.,
404,Middle East and North Africa,Turkey,Clothes,Online,C,6/28/2016,914391076,8/4/2016,7494,109.28,35.84,818944.32,268584.96,550359.36,EK9P6BNFSLHVQEG,AX176450,Edwinville,Buy 1 Get 1 off on Baby Food! Limited time offer.,53187
405,Sub-Saharan Africa,South Africa,Meat,Online,L,5/20/2012,207922542,7/1/2012,7755,421.89,364.69,3271756.95,2828170.95,443586.0,WY15AAL4XNB4RGX,AX190545,,Free Shipping off on Cereal! Limited time offer.,55571
406,Europe,Lithuania,Office Supplies,Offline,M,2/4/2014,816696012,2/16/2014,7353,651.21,524.96,4788347.13,3860030.88,928316.25,E9N6ODX9D9WBA3A,AX125631,East Samantha,25% off on Household! Limited time offer.,
407,Europe,Russia,Beverages,Offline,L,11/15/2015,740760314,11/21/2015,6293,47.45,31.79,298602.85,200054.47,98548.38,3ZKISGOUPOH8RE1,AX149211,South Meghan,Free Shipping off on Baby Food! Limited time offer.,29437
408,Central America and the Caribbean,The Bahamas,Baby Food,Online,C,1/11/2013,300476777,2/28/2013,6610,255.28,159.42,1687400.8,1053766.2,633634.6,2UXNQXLF80TE2JE,AX142183,Griffithbury,25% off on Beverages! Limited time offer.,15405
409,Central America and the Caribbean,The Bahamas,Snacks,Online,L,4/24/2013,786519229,6/7/2013,7373,152.58,97.44,1124972.34,718425.12,406547.22,EGANTPLM93645S1,AX176057,Samanthahaven,Buy 1 Get 1 off on Clothes! Limited time offer.,45765
410,Middle East and North Africa,Turkey,Cosmetics,Offline,C,5/15/2010,409873998,6/3/2010,9679,437.2,263.33,4231658.8,2548771.07,1682887.73,ZHAX1RFF92EU3RT,AX174684,New Timothy,10% off on Vegetables! Limited time offer.,04452
411,Sub-Saharan Africa,Mauritius ,Cosmetics,Offline,H,4/17/2010,151839911,5/22/2010,1659,437.2,263.33,725314.8,436864.47,288450.33,WKHJ9WLPMXXQ9W1,AX173794,New Joshuafurt,10% off on Personal Care! Limited time offer.,18490
412,Europe,Bulgaria,Vegetables,Online,H,8/25/2012,614028298,9/9/2012,3473,154.06,90.93,535050.38,315799.89,219250.49,HZ6ZDN195L0LOCP,AX139690,Andrewshire,Free Shipping off on Household! Limited time offer.,
413,Middle East and North Africa,Iran,Household,Offline,L,4/19/2014,668362987,5/13/2014,2315,668.27,502.54,1547045.05,1163380.1,383664.95,ECWK0VQ91RNBSHT,AX105025,Sanchezborough,,20817
414,Sub-Saharan Africa,Ghana,Household,Online,M,2/26/2013,607080304,4/5/2013,7408,668.27,502.54,4950544.16,3722816.32,1227727.84,2K55YE6AFJY02SL,AX183575,Lake Justinport,25% off on Household! Limited time offer.,
415,Sub-Saharan Africa,Malawi,Baby Food,Online,M,12/28/2011,792729079,1/17/2012,5006,255.28,159.42,1277931.68,798056.52,479875.16,E89IRD4QESQ72FN,AX135709,,10% off on Cereal! Limited time offer.,14555
416,Sub-Saharan Africa,Zimbabwe,Baby Food,Offline,M,8/21/2014,308170640,10/10/2014,3395,255.28,159.42,866675.6,541230.9,325444.7,NRRU0BESZ4N5HCD,AX183075,West Steven,Free Shipping off on Personal Care! Limited time offer.,
417,Asia,Tajikistan,Vegetables,Online,H,8/21/2014,106578814,10/2/2014,7894,154.06,90.93,1216149.64,717801.42,498348.22,R8CARMAEFT0YJ4T,AX163505,Port Daltonbury,Buy 1 Get 1 off on Vegetables! Limited time offer.,34377
418,Europe,Czech Republic,Cereal,Online,H,3/2/2014,761439931,3/28/2014,5851,205.7,117.11,1203550.7,685210.61,518340.09,SX7D8ZBZA0ADG7K,AX156944,West Mark,Buy 1 Get 1 off on Office Supplies! Limited time offer.,88880
419,Sub-Saharan Africa,Mauritius ,Household,Online,L,9/6/2012,216552817,9/27/2012,1646,668.27,502.54,1099972.42,827180.84,272791.58,50V9LZEKEQRE6BK,AX165384,West Amyborough,Free Shipping off on Office Supplies! Limited time offer.,03324
420,Sub-Saharan Africa,Lesotho,Fruits,Online,H,9/16/2010,536028802,9/22/2010,1689,9.33,6.92,15758.37,11687.88,4070.49,YBP102HM959LF1G,AX159151,,,27295
421,Sub-Saharan Africa,Mali,Beverages,Online,L,8/13/2013,254291713,8/15/2013,9424,47.45,31.79,447168.8,299588.96,147579.84,R0AUEWWPK7N40SW,AX185867,Hartville,Free Shipping off on Personal Care! Limited time offer.,49807
422,Europe,Georgia,Personal Care,Online,C,9/11/2012,226077878,10/23/2012,323,81.73,56.67,26398.79,18304.41,8094.38,53GN33VFD1YCGF8,AX158711,North Brianland,Buy 1 Get 1 off on Meat! Limited time offer.,87136
423,Europe,Albania,Office Supplies,Offline,M,8/31/2011,476436126,10/15/2011,6892,651.21,524.96,4488139.32,3618024.32,870115.0,NNP7EG1PXRVRN1Y,AX143149,Lake Jasminton,Free Shipping off on Fruits! Limited time offer.,21274
424,Europe,Cyprus,Cosmetics,Offline,L,4/21/2015,650727784,6/6/2015,3667,437.2,263.33,1603212.4,965631.11,637581.29,I8F7QHAZUCRKDXA,AX126538,Port Victoria,10% off on Clothes! Limited time offer.,83116
425,Central America and the Caribbean,Saint Kitts and Nevis ,Household,Offline,C,7/11/2010,464626681,7/27/2010,2215,668.27,502.54,1480218.05,1113126.1,367091.95,DRXJ3YW9ERS12S9,AX155514,Murphyfort,25% off on Household! Limited time offer.,57767
426,Middle East and North Africa,Tunisia ,Meat,Offline,C,8/9/2015,154119145,9/21/2015,6135,421.89,364.69,2588295.15,2237373.15,350922.0,OHA5B597BSLYBGX,AX139913,West Marilyn,10% off on Snacks! Limited time offer.,90045
427,Central America and the Caribbean,Cuba,Meat,Online,M,10/17/2015,925504004,12/6/2015,6057,421.89,364.69,2555387.73,2208927.33,346460.4,KEAP8SNYOFYO6B7,AX193781,Ruizburgh,25% off on Vegetables! Limited time offer.,73089
428,Australia and Oceania,Kiribati,Cereal,Offline,L,7/24/2012,905392587,8/16/2012,4641,205.7,117.11,954653.7,543507.51,411146.19,H361ULKYBXBUIR5,AX188378,New Heatherville,10% off on Vegetables! Limited time offer.,76885
429,Asia,Cambodia,Snacks,Online,C,3/25/2012,990708720,5/4/2012,1581,152.58,97.44,241228.98,154052.64,87176.34,A7GDJ3M7FK0EXYX,AX151956,,Buy 1 Get 1 off on Household! Limited time offer.,10695
430,Europe,Moldova ,Baby Food,Online,M,8/11/2014,798688733,9/18/2014,8600,255.28,159.42,2195408.0,1371012.0,824396.0,E648EHIKSDN7T7Z,AX124221,East Robert,10% off on Household! Limited time offer.,38795
431,Asia,Uzbekistan,Cereal,Offline,C,10/15/2016,916881453,11/28/2016,4452,205.7,117.11,915776.4,521373.72,394402.68,QG4TRH13SOHM199,AX108329,Matthewsfurt,25% off on Office Supplies! Limited time offer.,54715
432,Asia,India,Cosmetics,Offline,L,12/3/2016,653148210,1/21/2017,9924,437.2,263.33,4338772.8,2613286.92,1725485.88,PLDU068302QN7MY,AX180447,North Paulborough,Free Shipping off on Clothes! Limited time offer.,92858
433,Europe,Germany,Personal Care,Offline,C,6/12/2010,285662829,7/13/2010,2834,81.73,56.67,231622.82,160602.78,71020.04,JPWPA93VXEPK9DY,AX163378,Mahoneyhaven,25% off on Baby Food! Limited time offer.,07175
434,Europe,Austria,Vegetables,Online,C,7/29/2016,612911641,8/31/2016,3030,154.06,90.93,466801.8,275517.9,191283.9,O5J04LDA18W561Q,AX170715,Port Aaron,10% off on Household! Limited time offer.,49155
435,Europe,Germany,Office Supplies,Offline,L,12/9/2013,703693473,1/12/2014,7391,651.21,524.96,4813093.11,3879979.36,933113.75,HIYY1L7PTERJCZE,AX163789,Lake Luis,25% off on Clothes! Limited time offer.,78907
436,Asia,Bhutan,Clothes,Online,M,7/12/2012,147119653,8/9/2012,4829,109.28,35.84,527713.12,173071.36,354641.76,IJGUH837ZTVE5CC,AX171445,Lake Henry,25% off on Baby Food! Limited time offer.,86393
437,Asia,Kyrgyzstan,Fruits,Online,C,1/14/2012,402614009,3/2/2012,1287,9.33,6.92,12007.71,8906.04,3101.67,641QGKPP9B0X4CS,AX128912,Andrewhaven,25% off on Personal Care! Limited time offer.,07435
438,Middle East and North Africa,Somalia,Personal Care,Online,C,3/20/2013,749912869,4/25/2013,4738,81.73,56.67,387236.74,268502.46,118734.28,FMIR1FOGVXJGYB1,AX183333,Dorisberg,Buy 1 Get 1 off on Household! Limited time offer.,64989
439,Central America and the Caribbean,Saint Lucia,Household,Online,H,2/10/2014,539065062,3/10/2014,186,668.27,502.54,124298.22,93472.44,30825.78,Z4QV69STF7VC0HE,AX102486,Dianatown,Free Shipping off on Beverages! Limited time offer.,79493
440,Europe,Armenia,Snacks,Offline,H,10/26/2013,540431916,11/15/2013,4668,152.58,97.44,712243.44,454849.92,257393.52,UTYIL47Q2CZOK57,AX115746,Kristaton,10% off on Cosmetics! Limited time offer.,43948
441,North America,Canada,Beverages,Online,C,4/16/2016,694687259,6/2/2016,2252,47.45,31.79,106857.4,71591.08,35266.32,3AF2VBXHP2FNXZ0,AX149069,Jonathanfort,,74028
442,Sub-Saharan Africa,Burundi,Cosmetics,Offline,H,5/27/2011,562817418,6/2/2011,9036,437.2,263.33,3950539.2,2379449.88,1571089.32,V8WC8KRQHARDCSE,AX152508,Brianburgh,Free Shipping off on Meat! Limited time offer.,07649
443,Europe,Liechtenstein,Cereal,Online,L,8/4/2016,676121222,9/9/2016,8149,205.7,117.11,1676249.3,954329.39,721919.91,RMN7K9JMC4Q52R8,AX120168,Port Destiny,10% off on Cereal! Limited time offer.,92789
444,Middle East and North Africa,Tunisia ,Snacks,Offline,L,7/3/2012,286210000,8/5/2012,4754,152.58,97.44,725365.32,463229.76,262135.56,4P2S377J8LXQMZX,AX131248,East Nicole,Free Shipping off on Baby Food! Limited time offer.,55238
445,Middle East and North Africa,Iraq,Beverages,Online,L,12/4/2014,515007579,1/11/2015,1042,47.45,31.79,49442.9,33125.18,16317.72,0T2MVZBNA3SWCAD,AX198462,Traceyburgh,25% off on Household! Limited time offer.,23752
446,Asia,Indonesia,Cosmetics,Offline,C,5/31/2010,304750287,6/1/2010,1237,437.2,263.33,540816.4,325739.21,215077.19,211G6KJ7MS0RBCJ,AX133431,South Jaredbury,Free Shipping off on Beverages! Limited time offer.,47508
447,Asia,Kazakhstan,Beverages,Online,H,2/5/2013,467986953,2/17/2013,6594,47.45,31.79,312885.3,209623.26,103262.04,B0KU3KHL3V7C9JS,AX170719,Paulbury,25% off on Beverages! Limited time offer.,05244
448,Europe,Denmark,Beverages,Offline,C,6/15/2015,537578904,7/9/2015,399,47.45,31.79,18932.55,12684.21,6248.34,ZD5W9YC8RF3NTSI,AX108834,Elizabethville,25% off on Fruits! Limited time offer.,44276
449,Europe,Luxembourg,Vegetables,Offline,L,10/21/2014,116699969,11/18/2014,2969,154.06,90.93,457404.14,269971.17,187432.97,CXS4H0C6Q6BTN7F,AX185066,North Samuelton,25% off on Baby Food! Limited time offer.,58640
450,Sub-Saharan Africa,Cape Verde,Snacks,Offline,C,2/13/2017,228836476,3/13/2017,6653,152.58,97.44,1015114.74,648268.32,366846.42,2V68HP5SB1J74LC,AX129416,Jonathantown,Free Shipping off on Cosmetics! Limited time offer.,40221
451,Australia and Oceania,Palau,Vegetables,Offline,C,6/29/2010,167787253,7/16/2010,832,154.06,90.93,128177.92,75653.76,52524.16,S1081SRM3U7WGW7,AX152681,Taramouth,Buy 1 Get 1 off on Office Supplies! Limited time offer.,
452,Australia and Oceania,Australia,Vegetables,Online,M,5/19/2014,647663629,5/20/2014,6915,154.06,90.93,1065324.9,628780.95,436543.95,GEEBT7L04RSLSG9,AX117892,North Juliachester,10% off on Personal Care! Limited time offer.,
453,Central America and the Caribbean,Nicaragua,Meat,Offline,L,3/21/2015,652889430,4/15/2015,3346,421.89,364.69,1411643.94,1220252.74,191391.2,X0C8ZZR1DGIGOWS,AX168779,Katelynport,Free Shipping off on Office Supplies! Limited time offer.,56722
454,Asia,Laos,Office Supplies,Offline,M,8/31/2015,588200986,10/15/2015,598,651.21,524.96,389423.58,313926.08,75497.5,ODTE5NHH9QZUPB3,AX112364,,Buy 1 Get 1 off on Personal Care! Limited time offer.,51211
455,Central America and the Caribbean,Cuba,Personal Care,Online,L,8/23/2015,928647124,8/30/2015,6176,81.73,56.67,504764.48,349993.92,154770.56,L8PNH01DCZF2W4R,AX141304,West Jessicabury,Buy 1 Get 1 off on Cereal! Limited time offer.,59957
456,Europe,Moldova ,Cosmetics,Offline,L,2/24/2016,869589173,3/17/2016,9615,437.2,263.33,4203678.0,2531917.95,1671760.05,X28KVVUBRQ2G7DA,AX198995,Port Kristinfurt,25% off on Clothes! Limited time offer.,90934
457,Middle East and North Africa,Syria,Household,Online,C,6/17/2015,576700961,7/23/2015,7485,668.27,502.54,5002000.95,3761511.9,1240489.05,YXY5KFVKPWCUCHO,AX155136,New Robertfort,Buy 1 Get 1 off on Fruits! Limited time offer.,62740
458,Central America and the Caribbean,The Bahamas,Cereal,Offline,M,11/27/2012,735968816,12/6/2012,8382,205.7,117.11,1724177.4,981616.02,742561.38,XFGLPYPXD9LP3PK,AX194937,West Ann,10% off on Beverages! Limited time offer.,28174
459,Europe,Belarus,Snacks,Offline,M,9/7/2012,303691565,10/19/2012,7938,152.58,97.44,1211180.04,773478.72,437701.32,MMI4A5T7VVBHDP8,AX121474,Jordantown,10% off on Clothes! Limited time offer.,01522
460,Middle East and North Africa,United Arab Emirates,Clothes,Offline,C,6/23/2012,556480538,8/7/2012,3812,109.28,35.84,416575.36,136622.08,279953.28,SBDZJWK6QIOELWX,AX139362,West Jason,Free Shipping off on Meat! Limited time offer.,90686
461,Sub-Saharan Africa,Angola,Beverages,Offline,H,10/23/2014,141259562,11/11/2014,698,47.45,31.79,33120.1,22189.42,10930.68,IW5JJ1FWLTGQWFC,AX141949,Hallberg,Free Shipping off on Household! Limited time offer.,67797
462,Central America and the Caribbean,Cuba,Cosmetics,Offline,C,9/18/2015,925264966,10/18/2015,5320,437.2,263.33,2325904.0,1400915.6,924988.4,9MPZ8BIDGPM2G14,AX158892,New Crystal,Buy 1 Get 1 off on Vegetables! Limited time offer.,35805
463,Europe,Ukraine,Office Supplies,Online,H,1/24/2016,346045577,2/20/2016,1431,651.21,524.96,931881.51,751217.76,180663.75,ZD8CBKSCPTJ7E8B,AX187177,North Casey,Free Shipping off on Office Supplies! Limited time offer.,37788
464,Sub-Saharan Africa,Mozambique,Fruits,Offline,H,3/23/2010,861462724,4/19/2010,4818,9.33,6.92,44951.94,33340.56,11611.38,P87MIJSEO7BWC94,AX176502,Marychester,Buy 1 Get 1 off on Cosmetics! Limited time offer.,93167
465,Europe,Armenia,Personal Care,Online,M,7/26/2012,499690234,8/28/2012,8299,81.73,56.67,678277.27,470304.33,207972.94,T5OOLNK7371V9L1,AX134048,West Johnport,Buy 1 Get 1 off on Fruits! Limited time offer.,18772
466,North America,Greenland,Clothes,Online,H,10/20/2015,509214437,11/2/2015,6722,109.28,35.84,734580.16,240916.48,493663.68,EQ3E45S2TMWGGZM,AX137761,Port Nancy,Buy 1 Get 1 off on Vegetables! Limited time offer.,06986
467,Central America and the Caribbean,Saint Kitts and Nevis ,Office Supplies,Online,M,6/27/2017,408834159,7/18/2017,1968,651.21,524.96,1281581.28,1033121.28,248460.0,0QDGGOJ099M14I6,AX145797,West Jamesmouth,Buy 1 Get 1 off on Cereal! Limited time offer.,42539
468,Europe,Vatican City,Beverages,Offline,M,4/4/2016,237660729,4/30/2016,7946,47.45,31.79,377037.7,252603.34,124434.36,RSE7O95U9VB6V6O,AX126276,,Buy 1 Get 1 off on Cereal! Limited time offer.,36474
469,Europe,Ukraine,Clothes,Online,C,8/5/2015,105117976,9/9/2015,5600,109.28,35.84,611968.0,200704.0,411264.0,M8TPOPWE1X1FL9Z,AX187574,North Ryanfort,Buy 1 Get 1 off on Baby Food! Limited time offer.,87305
470,Sub-Saharan Africa,Niger,Cereal,Offline,L,6/16/2012,640942227,7/4/2012,7903,205.7,117.11,1625647.1,925520.33,700126.77,E3CTZ3COOUNXRXA,AX127938,,,08442
471,Asia,Myanmar,Cosmetics,Online,L,4/3/2016,745182311,5/5/2016,4860,437.2,263.33,2124792.0,1279783.8,845008.2,OSA11VSEPAHP7Y3,AX103895,North Brenda,10% off on Cereal! Limited time offer.,15780
472,Sub-Saharan Africa,Guinea,Baby Food,Offline,C,9/21/2014,738199555,9/21/2014,8508,255.28,159.42,2171922.24,1356345.36,815576.88,PKDFZA8RMZ7DRAO,AX160953,West Rebecca,25% off on Cereal! Limited time offer.,99070
473,Sub-Saharan Africa,Guinea-Bissau,Snacks,Online,L,8/8/2015,110667788,9/10/2015,7913,152.58,97.44,1207365.54,771042.72,436322.82,9AJW1EKXGDTFQFW,AX144518,West Krystalville,10% off on Meat! Limited time offer.,41329
474,Sub-Saharan Africa,South Sudan,Office Supplies,Online,C,7/19/2012,673573338,7/20/2012,4174,651.21,524.96,2718150.54,2191183.04,526967.5,Z7IF9Z72OJ95Q7A,AX134203,Lake Robinmouth,25% off on Baby Food! Limited time offer.,18649
475,Middle East and North Africa,Turkey,Snacks,Offline,H,8/26/2011,708215034,9/13/2011,5421,152.58,97.44,827136.18,528222.24,298913.94,XSC93UD5UVCK447,AX142174,Gregorymouth,10% off on Clothes! Limited time offer.,97674
476,Australia and Oceania,Palau,Household,Online,M,6/23/2012,816204202,7/1/2012,1816,668.27,502.54,1213578.32,912612.64,300965.68,DL92RYT84M56MZ0,AX155867,Christineburgh,Buy 1 Get 1 off on Snacks! Limited time offer.,70753
477,Europe,Poland,Beverages,Offline,L,11/20/2011,769464671,12/24/2011,550,47.45,31.79,26097.5,17484.5,8613.0,J6PJQC9QL62C9XC,AX129920,New Carriehaven,10% off on Clothes! Limited time offer.,15274
478,Asia,Malaysia,Beverages,Offline,L,5/13/2015,860232770,6/4/2015,848,47.45,31.79,40237.6,26957.92,13279.68,WLUD6YFA8PUKI40,AX156177,Boydburgh,Free Shipping off on Clothes! Limited time offer.,49233
479,North America,United States of America,Personal Care,Offline,C,7/16/2010,551057326,8/22/2010,8963,81.73,56.67,732545.99,507933.21,224612.78,E0M2PRNNB60XI0A,AX196170,West Christinefort,25% off on Office Supplies! Limited time offer.,
480,Europe,Switzerland,Cosmetics,Online,C,5/21/2016,724799668,5/27/2016,3183,437.2,263.33,1391607.6,838179.39,553428.21,PWB5Y2EZ2U67U1W,AX141067,South Matthew,25% off on Meat! Limited time offer.,65253
481,Australia and Oceania,Papua New Guinea,Cosmetics,Offline,H,4/22/2011,534633624,6/8/2011,8825,437.2,263.33,3858290.0,2323887.25,1534402.75,G4Q07Y5QHBSAGR4,AX138833,Millerview,25% off on Baby Food! Limited time offer.,74103
482,Sub-Saharan Africa,Namibia,Beverages,Offline,H,8/14/2012,554045522,9/20/2012,3237,47.45,31.79,153595.65,102904.23,50691.42,NMWDE0F0OPDAL4V,AX127663,South Kimberlyshire,Buy 1 Get 1 off on Vegetables! Limited time offer.,59719
483,Europe,Ireland,Clothes,Online,C,3/17/2012,526834189,5/2/2012,799,109.28,35.84,87314.72,28636.16,58678.56,P2U0FJI3ZUPQIEF,AX148896,Shermanhaven,10% off on Cosmetics! Limited time offer.,46273
484,Sub-Saharan Africa,Mozambique,Household,Online,C,8/6/2010,717110955,8/9/2010,7922,668.27,502.54,5294034.94,3981121.88,1312913.06,HFKYZJ12WME7W3F,AX173932,Scottland,Free Shipping off on Snacks! Limited time offer.,68069
485,Sub-Saharan Africa,Democratic Republic of the Congo,Baby Food,Offline,L,2/25/2013,559299647,3/26/2013,8049,255.28,159.42,2054748.72,1283171.58,771577.14,HOJLME7CQEN6BQ1,AX142002,Francisbury,10% off on Vegetables! Limited time offer.,56074
486,North America,United States of America,Meat,Online,M,3/6/2011,908136594,3/10/2011,6654,421.89,364.69,2807256.06,2426647.26,380608.8,PJQ0FAYJWHL2LPV,AX194036,West Peterborough,Free Shipping off on Meat! Limited time offer.,15398
487,Middle East and North Africa,Azerbaijan,Office Supplies,Offline,M,12/14/2015,888670623,12/16/2015,6240,651.21,524.96,4063550.4,3275750.4,787800.0,JPYYU3Z7YIQKARC,AX156045,Richardview,Buy 1 Get 1 off on Fruits! Limited time offer.,
488,Europe,Belgium,Office Supplies,Offline,C,2/10/2017,146263062,2/16/2017,1345,651.21,524.96,875877.45,706071.2,169806.25,ZNE6FZ07V6CSXCD,AX110947,Griffithhaven,Free Shipping off on Meat! Limited time offer.,47898
489,Asia,Taiwan,Office Supplies,Offline,L,9/20/2016,196587741,10/28/2016,3536,651.21,524.96,2302678.56,1856258.56,446420.0,GQ1KBFF2868W9JG,AX112613,,Buy 1 Get 1 off on Cosmetics! Limited time offer.,97136
490,Central America and the Caribbean,Panama,Baby Food,Online,M,4/30/2010,375630986,6/2/2010,6411,255.28,159.42,1636600.08,1022041.62,614558.46,3F3WQQN1BS7Y30G,AX138715,New Michellechester,,20871
491,Europe,Andorra,Beverages,Offline,H,6/25/2013,989691627,7/10/2013,600,47.45,31.79,28470.0,19074.0,9396.0,P5Q0C1FPVG684WQ,AX158252,West Carlos,Free Shipping off on Vegetables! Limited time offer.,55475
492,Europe,Georgia,Household,Offline,H,7/4/2012,165380990,7/27/2012,8765,668.27,502.54,5857386.55,4404763.1,1452623.45,SKWMLEMHK37LJW2,AX152231,,Free Shipping off on Fruits! Limited time offer.,19788
493,Central America and the Caribbean,Barbados,Snacks,Online,C,9/21/2013,599622905,10/22/2013,597,152.58,97.44,91090.26,58171.68,32918.58,ONFBDTYEHE4DXGY,AX121310,South Stephanieborough,10% off on Cereal! Limited time offer.,33324
494,Europe,Sweden,Personal Care,Offline,C,12/8/2016,109653699,1/6/2017,7821,81.73,56.67,639210.33,443216.07,195994.26,USWC033YUL1AOZN,AX174779,East Angela,Buy 1 Get 1 off on Snacks! Limited time offer.,10981
495,Middle East and North Africa,Algeria,Meat,Offline,M,9/2/2011,183022201,10/15/2011,9191,421.89,364.69,3877590.99,3351865.79,525725.2,TC25OYBR0MIZBA3,AX108318,,10% off on Household! Limited time offer.,77738
496,Europe,Italy,Personal Care,Online,L,3/21/2011,127589738,4/2/2011,5494,81.73,56.67,449024.62,311344.98,137679.64,5ESDZ9N6YG53KHJ,AX116767,Mclaughlinville,,24667
497,Europe,Russia,Fruits,Offline,L,1/8/2011,221530139,1/26/2011,4546,9.33,6.92,42414.18,31458.32,10955.86,NX5ZN9OOWS0F321,AX167563,Phillipberg,25% off on Clothes! Limited time offer.,93387
498,Central America and the Caribbean,Antigua and Barbuda ,Office Supplies,Offline,M,2/22/2015,363329732,2/22/2015,6197,651.21,524.96,4035548.37,3253177.12,782371.25,CTGJEKDFI5S3WL4,AX124498,West Jonathantown,Buy 1 Get 1 off on Fruits! Limited time offer.,08531
499,Middle East and North Africa,Jordan,Fruits,Online,C,5/15/2017,521787345,6/25/2017,7325,9.33,6.92,68342.25,50689.0,17653.25,FLZXRS0WID8B8DY,AX143364,Nicholasport,10% off on Household! Limited time offer.,43540
